id,first_name,last_name,email,gender,ip_address,app_name
1,Law,Lismore,llismore0@noaa.gov,Male,87.223.253.208,Veribet
2,Phylis,Rolfi,prolfi1@ycombinator.com,Female,205.75.2.218,Rank
3,Millisent,Faulkner,mfaulkner2@ted.com,Female,35.97.69.238,Cardguard
4,Simone,Minci,sminci3@privacy.gov.au,Male,178.6.109.253,Asoka
5,Virge,Hadland,vhadland4@artisteer.com,Male,26.218.62.107,Latlux
6,Vitia,Yukhtin,vyukhtin5@uol.com.br,Female,194.197.235.101,Sonair
7,Chelsey,Whiffen,cwhiffen6@globo.com,Female,92.216.190.199,Viva
8,Darlene,Sweedy,dsweedy7@spotify.com,Female,91.177.75.246,Lotstring
9,Graeme,Peaddie,gpeaddie8@nytimes.com,Male,243.13.232.254,Alpha
10,Tobye,Hatrick,thatrick9@ucoz.ru,Female,38.115.65.83,Bitwolf
11,Tris,Halton,thaltona@delicious.com,Male,10.173.213.226,Alphazap
12,Wright,Colombier,wcolombierb@narod.ru,Male,121.91.249.51,Vagram
13,Gussi,Barthelme,gbarthelmec@ibm.com,Female,209.32.55.112,Rank
14,Gabriela,Skeath,gskeathd@weebly.com,Female,171.1.252.83,Cardify
15,Lowell,Hogben,lhogbene@tuttocitta.it,Male,201.162.73.231,Cookley
16,Karilynn,Baitman,kbaitmanf@lycos.com,Female,110.81.127.227,Span
17,Bartel,Jan,bjang@flavors.me,Male,119.85.58.133,Fintone
18,Ailee,Merwede,amerwedeh@printfriendly.com,Female,83.20.178.250,Matsoft
19,Burnard,Laxon,blaxoni@loc.gov,Male,134.65.247.248,Ventosanzap
20,Maxi,Gibbins,mgibbinsj@marriott.com,Female,71.167.145.167,Kanlam
21,Dorothea,Memmory,dmemmoryk@behance.net,Female,193.160.13.10,Otcom
22,Bran,Sandercroft,bsandercroftl@huffingtonpost.com,Male,249.115.94.77,Bitchip
23,Barnabas,Biggins,bbigginsm@blogtalkradio.com,Male,137.130.223.74,Stringtough
24,Aguie,Toseland,atoselandn@aol.com,Male,197.209.168.240,Asoka
25,Nadya,Patesel,npateselo@hc360.com,Female,200.103.236.240,Flexidy
26,Thadeus,Bye,tbyep@seesaa.net,Male,3.11.241.30,Biodex
27,Stefania,Busch,sbuschq@hugedomains.com,Female,132.158.159.192,Quo Lux
28,Alan,Iglesia,aiglesiar@netscape.com,Male,187.248.148.219,Span
29,Hesther,Killiam,hkilliams@state.tx.us,Female,208.214.66.85,Zaam-Dox
30,Rosmunda,Kneebone,rkneebonet@shop-pro.jp,Female,170.79.237.144,Latlux
31,Celestyn,Scutcheon,cscutcheonu@npr.org,Female,41.217.74.216,Vagram
32,Nerissa,Wyson,nwysonv@msu.edu,Female,144.67.56.186,Prodder
33,Jamesy,Guiett,jguiettw@bloomberg.com,Male,118.24.91.222,Ventosanzap
34,Pearla,Goady,pgoadyx@foxnews.com,Female,13.154.222.54,Otcom
35,Chalmers,Mavin,cmaviny@istockphoto.com,Male,245.233.97.241,Asoka
36,Sigismondo,Follit,sfollitz@shinystat.com,Male,198.211.116.107,Sonsing
37,Cullin,Bodell,cbodell10@paypal.com,Male,20.95.125.1,Zontrax
38,Benedicto,Healing,bhealing11@alibaba.com,Male,28.227.232.94,Voltsillam
39,Carlin,Sywell,csywell12@goo.ne.jp,Male,192.248.190.148,Quo Lux
40,Kev,Reddan,kreddan13@altervista.org,Male,130.130.166.3,Flexidy
41,Sayre,Spinas,sspinas14@wp.com,Female,227.43.20.173,Bigtax
42,Ferdinand,Tames,ftames15@themeforest.net,Male,201.96.90.227,Bytecard
43,Chaddie,Kuhndel,ckuhndel16@diigo.com,Male,194.98.201.50,Alphazap
44,Mattheus,Grut,mgrut17@cdbaby.com,Male,105.239.204.150,Bitwolf
45,Dorey,Di Domenico,ddidomenico18@nasa.gov,Female,147.224.196.164,Biodex
46,Port,Pargeter,ppargeter19@yellowbook.com,Male,82.224.202.4,Tampflex
47,Sidoney,MacNeice,smacneice1a@pinterest.com,Female,86.54.180.221,Holdlamis
48,Rheba,Eayres,reayres1b@thetimes.co.uk,Female,215.248.232.117,Zathin
49,Hestia,Counter,hcounter1c@barnesandnoble.com,Female,228.236.30.31,Span
50,Maris,Growy,mgrowy1d@ovh.net,Female,104.15.124.202,Vagram
51,Vanessa,Duckitt,vduckitt1e@wp.com,Female,200.195.154.208,Daltfresh
52,Heindrick,McDougle,hmcdougle1f@nymag.com,Male,35.66.16.61,Zathin
53,Eloisa,Newlove,enewlove1g@facebook.com,Female,92.169.173.89,Flexidy
54,Adriane,Marval,amarval1h@google.com.br,Female,142.95.37.174,Toughjoyfax
55,Cookie,Grishinov,cgrishinov1i@smh.com.au,Female,172.175.222.33,Opela
56,Tisha,Widdowes,twiddowes1j@bing.com,Female,190.232.172.84,Fixflex
57,Gardiner,Langdon,glangdon1k@nydailynews.com,Male,197.18.145.18,Fintone
58,Rora,Sleford,rsleford1l@goodreads.com,Female,128.225.122.146,Gembucket
59,Terrijo,Kennedy,tkennedy1m@instagram.com,Female,122.83.112.74,Flexidy
60,Holden,Skurm,hskurm1n@blogger.com,Male,205.131.53.188,Trippledex
61,Isacco,Cutcliffe,icutcliffe1o@360.cn,Male,171.198.192.197,Duobam
62,Artur,O' Donohoe,aodonohoe1p@linkedin.com,Male,226.74.81.5,Transcof
63,Kary,Leverton,kleverton1q@nature.com,Female,163.124.102.148,Toughjoyfax
64,Clementine,Karel,ckarel1r@jigsy.com,Female,110.137.56.99,Flowdesk
65,Jammal,Norfolk,jnorfolk1s@businessweek.com,Male,125.159.182.251,Overhold
66,Lynde,Alderman,lalderman1t@soup.io,Female,35.109.153.251,Redhold
67,Harwilll,Cuniffe,hcuniffe1u@miitbeian.gov.cn,Male,170.81.157.158,Flowdesk
68,Edlin,Iorio,eiorio1v@sourceforge.net,Male,86.29.202.116,Ventosanzap
69,Lesly,Darridon,ldarridon1w@icio.us,Female,83.225.81.156,Holdlamis
70,Myrle,Arnli,marnli1x@clickbank.net,Female,148.192.26.237,It
71,Roxanna,Wearne,rwearne1y@scientificamerican.com,Female,236.205.178.78,Duobam
72,Lothaire,Saffrin,lsaffrin1z@geocities.com,Male,116.223.87.69,Sonsing
73,Fanni,Heugh,fheugh20@canalblog.com,Female,69.204.209.63,Zathin
74,Leon,Dibdale,ldibdale21@joomla.org,Male,74.134.233.38,Solarbreeze
75,Abbe,Pankethman,apankethman22@forbes.com,Female,48.105.50.41,Konklab
76,Zeb,Duckering,zduckering23@feedburner.com,Male,204.135.245.241,Span
77,Carmita,Balden,cbalden24@examiner.com,Female,135.218.126.230,Duobam
78,Marlowe,Aizic,maizic25@yale.edu,Male,187.224.36.240,Cookley
79,Jacynth,Harrod,jharrod26@wp.com,Female,185.36.116.89,Regrant
80,Dorothee,Thews,dthews27@soup.io,Female,224.5.33.168,It
81,Dugald,Grant,dgrant28@abc.net.au,Male,29.186.146.180,Konklux
82,Dennet,Rangall,drangall29@washingtonpost.com,Male,39.232.67.85,Pannier
83,Madelyn,Grinnikov,mgrinnikov2a@cornell.edu,Female,195.94.104.69,Sub-Ex
84,Emili,Stoyles,estoyles2b@berkeley.edu,Female,1.163.73.153,Zamit
85,Falkner,Dusey,fdusey2c@ebay.co.uk,Male,206.167.81.183,Vagram
86,Jamil,Ridings,jridings2d@java.com,Male,39.51.50.214,Fintone
87,Venus,Monier,vmonier2e@census.gov,Female,194.205.225.186,Cardguard
88,Caye,Isard,cisard2f@geocities.com,Female,206.177.99.124,Greenlam
89,Haleigh,Durn,hdurn2g@accuweather.com,Female,31.27.68.76,Cookley
90,Bernard,Kay,bkay2h@vk.com,Male,1.74.2.206,Solarbreeze
91,Padget,Blackater,pblackater2i@diigo.com,Male,102.62.225.203,Span
92,Anna-maria,Dils,adils2j@weebly.com,Female,243.190.139.163,Kanlam
93,Courtnay,Dowsett,cdowsett2k@istockphoto.com,Male,139.57.87.157,Kanlam
94,Beatriz,Paulillo,bpaulillo2l@mapquest.com,Female,64.163.114.219,Home Ing
95,Dilly,O'Grady,dogrady2m@wufoo.com,Male,6.189.199.163,Fintone
96,Dun,Von Brook,dvonbrook2n@paginegialle.it,Male,84.135.5.108,Bitchip
97,Teodorico,O'Sculley,tosculley2o@comsenz.com,Male,143.55.212.135,Zamit
98,Gwenore,Ebunoluwa,gebunoluwa2p@odnoklassniki.ru,Female,210.135.171.73,Bamity
99,Zoe,Plumbridge,zplumbridge2q@unc.edu,Female,52.186.220.189,Bytecard
100,Jens,Jeffes,jjeffes2r@cloudflare.com,Male,50.109.69.146,Fintone
101,Roley,Verdie,rverdie2s@behance.net,Male,105.4.104.76,Lotlux
102,Brod,Iacopo,biacopo2t@mtv.com,Male,61.188.33.124,Bitchip
103,Clementius,Skirvane,cskirvane2u@si.edu,Male,60.0.139.39,Sonsing
104,Kailey,Millis,kmillis2v@prnewswire.com,Female,55.208.247.166,Domainer
105,Giustina,Bleeze,gbleeze2w@dyndns.org,Female,139.88.10.28,Gembucket
106,Edy,Tripean,etripean2x@state.gov,Female,63.57.7.161,Tresom
107,Hammad,Barhems,hbarhems2y@netscape.com,Male,187.174.141.158,Wrapsafe
108,Maxim,Paunton,mpaunton2z@microsoft.com,Male,27.81.119.3,Lotstring
109,Maure,Woller,mwoller30@accuweather.com,Female,184.35.92.250,Kanlam
110,Harv,Welchman,hwelchman31@gravatar.com,Male,223.108.88.32,Sub-Ex
111,Peyter,Rapps,prapps32@dailymotion.com,Male,222.32.112.246,Otcom
112,Gabriell,Chrippes,gchrippes33@buzzfeed.com,Female,80.97.178.231,Voyatouch
113,Nollie,Handrick,nhandrick34@tuttocitta.it,Female,178.114.164.69,Regrant
114,Sonnie,Bertomier,sbertomier35@hao123.com,Male,104.246.119.12,Fixflex
115,Ferdy,Burdess,fburdess36@ucoz.com,Male,123.56.153.81,Stim
116,Cobb,Stuchberry,cstuchberry37@qq.com,Male,73.72.152.98,Zathin
117,Abramo,Worgan,aworgan38@accuweather.com,Male,23.42.241.179,Tampflex
118,Rudy,Lipson,rlipson39@networksolutions.com,Male,82.251.61.86,Vagram
119,Katuscha,Trunkfield,ktrunkfield3a@ucoz.com,Female,147.86.93.93,Ventosanzap
120,Duffy,Spridgeon,dspridgeon3b@slashdot.org,Male,108.68.176.90,Zathin
121,Chan,Kelcey,ckelcey3c@nifty.com,Male,36.114.235.228,Tampflex
122,Fernando,Orring,forring3d@fc2.com,Male,44.96.147.67,Veribet
123,Neddy,Elix,nelix3e@apache.org,Male,38.226.146.14,Bytecard
124,Keen,Bolver,kbolver3f@hubpages.com,Male,129.219.249.137,Flowdesk
125,Janella,O'Hanlon,johanlon3g@usgs.gov,Female,31.120.26.16,Konklab
126,Jasen,Smartman,jsmartman3h@liveinternet.ru,Male,200.230.14.76,Cardguard
127,Alma,Labarre,alabarre3i@auda.org.au,Female,187.163.106.169,Y-find
128,Sutherland,Lukianovich,slukianovich3j@wired.com,Male,64.137.133.45,Bitchip
129,Darrick,Le Surf,dlesurf3k@illinois.edu,Male,98.91.20.164,Flowdesk
130,Harmonie,Newns,hnewns3l@t-online.de,Female,25.249.41.58,Tin
131,Bernardina,Cowup,bcowup3m@msn.com,Female,39.163.26.155,Transcof
132,Rhody,Tinklin,rtinklin3n@purevolume.com,Female,77.79.112.160,Namfix
133,Editha,Castagneto,ecastagneto3o@ihg.com,Female,157.218.232.167,Job
134,Karlee,Nettles,knettles3p@loc.gov,Female,206.87.95.178,Stim
135,Jordana,Normadell,jnormadell3q@deviantart.com,Female,64.195.42.212,Voyatouch
136,Martyn,Caherny,mcaherny3r@jiathis.com,Male,183.79.11.109,Duobam
137,Raychel,Skillern,rskillern3s@webnode.com,Female,130.111.251.165,Fix San
138,Kelsy,Cavy,kcavy3t@biglobe.ne.jp,Female,67.157.123.44,Bitwolf
139,Rolland,Dowdall,rdowdall3u@com.com,Male,101.152.196.119,Tres-Zap
140,Nessy,Cheeke,ncheeke3v@yellowpages.com,Female,50.170.203.92,It
141,Eric,Ludford,eludford3w@a8.net,Male,110.45.158.48,Veribet
142,Bendicty,Petley,bpetley3x@linkedin.com,Male,170.90.177.86,Kanlam
143,Marj,Vagges,mvagges3y@yellowpages.com,Female,24.8.246.209,Bitwolf
144,Sandro,Sandwith,ssandwith3z@biblegateway.com,Male,138.247.52.225,Matsoft
145,Rey,Sherrin,rsherrin40@engadget.com,Male,149.24.190.70,Tresom
146,Deedee,Field,dfield41@com.com,Female,21.110.185.254,Stim
147,Annabella,Cornilli,acornilli42@mediafire.com,Female,180.74.217.143,Treeflex
148,Gabbie,Vass,gvass43@github.com,Female,170.156.152.93,Span
149,Sibby,McGilbon,smcgilbon44@macromedia.com,Female,204.116.33.244,Rank
150,Max,Quainton,mquainton45@infoseek.co.jp,Male,8.120.247.252,Keylex
151,Alena,Panchen,apanchen46@vkontakte.ru,Female,168.222.222.209,Greenlam
152,Chet,Marians,cmarians47@lulu.com,Male,34.27.204.165,It
153,Layton,Beining,lbeining48@msu.edu,Male,237.255.202.109,Greenlam
154,Mireille,Rotherforth,mrotherforth49@blinklist.com,Female,216.10.224.229,Job
155,Lilla,Brahm,lbrahm4a@studiopress.com,Female,44.28.34.224,Regrant
156,Courtnay,Cotton,ccotton4b@marriott.com,Female,255.126.72.91,Matsoft
157,Rudolph,Parham,rparham4c@who.int,Male,237.227.219.86,Fix San
158,Lammond,Battlestone,lbattlestone4d@hubpages.com,Male,174.97.234.162,Trippledex
159,Lynnell,Vassano,lvassano4e@jimdo.com,Female,234.141.22.147,Subin
160,Desirae,Gaunt,dgaunt4f@drupal.org,Female,155.48.131.74,Job
161,Morrie,Rambaut,mrambaut4g@indiatimes.com,Male,76.211.22.180,Bytecard
162,Aubrey,Spancock,aspancock4h@psu.edu,Male,177.240.230.61,Toughjoyfax
163,Edik,Clamp,eclamp4i@edublogs.org,Male,40.192.250.58,Trippledex
164,Tana,Waterhous,twaterhous4j@parallels.com,Female,152.210.20.104,Job
165,Antonin,Skocroft,askocroft4k@shinystat.com,Male,205.26.121.111,Solarbreeze
166,Brockie,Jelliman,bjelliman4l@youku.com,Male,131.232.240.68,Zathin
167,Dew,Blaase,dblaase4m@google.com.au,Male,213.150.241.197,Holdlamis
168,Calley,Sunnex,csunnex4n@addthis.com,Female,145.188.172.191,Treeflex
169,Svend,De Filippo,sdefilippo4o@sfgate.com,Male,81.50.232.239,Prodder
170,Raff,Dirkin,rdirkin4p@de.vu,Male,214.29.253.30,Konklux
171,Sula,Bygrove,sbygrove4q@reddit.com,Female,63.108.57.57,Rank
172,Trish,Damsell,tdamsell4r@alibaba.com,Female,210.49.204.120,Bigtax
173,Kissiah,McLaine,kmclaine4s@angelfire.com,Female,222.2.6.105,Tampflex
174,Samara,Locksley,slocksley4t@hugedomains.com,Female,139.231.16.235,Viva
175,Ricardo,Comben,rcomben4u@independent.co.uk,Male,74.4.48.253,Voyatouch
176,Lydon,MacKimm,lmackimm4v@ted.com,Male,39.227.174.115,Tresom
177,Stephen,Ummfrey,summfrey4w@icio.us,Male,248.10.48.136,Keylex
178,Augustine,Dressel,adressel4x@theglobeandmail.com,Male,199.221.150.56,Sub-Ex
179,Darcy,Fessions,dfessions4y@earthlink.net,Male,17.190.33.178,Bigtax
180,Staford,Dipple,sdipple4z@tinypic.com,Male,59.207.243.170,Stim
181,Jareb,Datte,jdatte50@about.me,Male,229.138.239.66,Zoolab
182,Hilario,Mercey,hmercey51@virginia.edu,Male,230.102.147.32,Cardguard
183,Keefe,Schimke,kschimke52@google.co.jp,Male,158.154.207.140,Matsoft
184,Jedidiah,Lorente,jlorente53@columbia.edu,Male,235.227.29.203,Tampflex
185,Gearalt,Rape,grape54@opensource.org,Male,211.188.79.203,Cardguard
186,Evvie,Sich,esich55@github.io,Female,56.128.51.76,Trippledex
187,Sue,Rugg,srugg56@g.co,Female,244.227.54.94,Toughjoyfax
188,Nicol,Du Hamel,nduhamel57@umich.edu,Female,91.110.40.187,Stim
189,Julina,Melanaphy,jmelanaphy58@china.com.cn,Female,248.196.128.210,Hatity
190,Ashbey,Treppas,atreppas59@patch.com,Male,202.88.140.24,Y-Solowarm
191,Austin,Seviour,aseviour5a@plala.or.jp,Male,211.145.163.196,Redhold
192,Prisca,Jorg,pjorg5b@a8.net,Female,82.191.173.243,Wrapsafe
193,Cassie,Berens,cberens5c@sina.com.cn,Female,34.28.164.100,Otcom
194,Tiphany,Ancell,tancell5d@examiner.com,Female,71.5.242.127,Veribet
195,Ignace,Arundel,iarundel5e@earthlink.net,Male,107.88.132.54,Overhold
196,Vivien,Nusche,vnusche5f@archive.org,Female,161.136.153.227,Tresom
197,Jefferey,Matignon,jmatignon5g@eepurl.com,Male,189.124.65.220,Zoolab
198,Coleen,Delagnes,cdelagnes5h@dion.ne.jp,Female,244.9.99.154,Fix San
199,Esmaria,Messiter,emessiter5i@baidu.com,Female,95.101.243.179,Flexidy
200,Raoul,Dunge,rdunge5j@barnesandnoble.com,Male,226.116.36.12,Y-find
201,Burgess,Asher,basher5k@google.ca,Male,97.132.78.165,Tresom
202,Gabby,Regglar,gregglar5l@behance.net,Male,52.191.128.76,Konklab
203,Judie,Tessier,jtessier5m@blogger.com,Female,237.10.24.133,Keylex
204,Isador,Batting,ibatting5n@goo.ne.jp,Male,111.112.255.7,It
205,Chalmers,Dionisii,cdionisii5o@abc.net.au,Male,161.14.200.161,Bigtax
206,Ferris,Delwater,fdelwater5p@mayoclinic.com,Male,104.104.88.57,Stronghold
207,Zeke,Donn,zdonn5q@senate.gov,Male,70.220.2.4,Tampflex
208,Nettie,Trewinnard,ntrewinnard5r@smugmug.com,Female,113.113.206.163,Mat Lam Tam
209,Nanete,Bridgement,nbridgement5s@theguardian.com,Female,248.190.114.75,Duobam
210,Cristabel,Swyre,cswyre5t@sakura.ne.jp,Female,104.74.8.161,Konklab
211,Anthony,Bunn,abunn5u@google.ca,Male,12.238.140.200,Kanlam
212,Patrizio,Godsil,pgodsil5v@privacy.gov.au,Male,8.219.60.4,Rank
213,Gabbie,Harly,gharly5w@squarespace.com,Female,119.124.115.42,Biodex
214,Ruthi,Alsford,ralsford5x@arstechnica.com,Female,125.179.15.5,Subin
215,Cully,Stockman,cstockman5y@dailymail.co.uk,Male,55.181.26.189,Bigtax
216,Reggi,Songist,rsongist5z@msu.edu,Female,186.32.180.107,Flexidy
217,Anna-maria,Ivkovic,aivkovic60@soup.io,Female,145.174.25.251,Zoolab
218,Halette,Spofforth,hspofforth61@list-manage.com,Female,241.9.121.109,Treeflex
219,Hollyanne,Mitchenson,hmitchenson62@acquirethisname.com,Female,176.51.2.59,Wrapsafe
220,Modestine,Vaz,mvaz63@webs.com,Female,35.217.154.68,Pannier
221,Monica,Diboll,mdiboll64@sakura.ne.jp,Female,86.223.237.166,Zamit
222,Tory,Lombardo,tlombardo65@soundcloud.com,Female,98.248.182.93,Flexidy
223,Lesya,Hatfield,lhatfield66@mapy.cz,Female,123.22.160.83,Latlux
224,Salim,Ferraron,sferraron67@blinklist.com,Male,92.185.140.192,Duobam
225,Florie,Filipponi,ffilipponi68@noaa.gov,Female,134.235.114.85,Holdlamis
226,Jessamyn,Steutly,jsteutly69@prweb.com,Female,55.0.205.138,Transcof
227,Nerty,Tommei,ntommei6a@redcross.org,Female,107.211.67.218,Asoka
228,Judye,Loffill,jloffill6b@tinyurl.com,Female,158.94.200.6,Overhold
229,Rosalia,Feben,rfeben6c@studiopress.com,Female,31.116.189.113,Mat Lam Tam
230,Quentin,Brunetti,qbrunetti6d@thetimes.co.uk,Female,127.178.246.6,Treeflex
231,Elwin,Barrell,ebarrell6e@vinaora.com,Male,25.148.246.130,Sonair
232,Kaitlynn,Huxster,khuxster6f@pagesperso-orange.fr,Female,95.77.125.171,Tempsoft
233,Georgine,Ducham,gducham6g@techcrunch.com,Female,141.203.47.221,Trippledex
234,Francklin,Wadly,fwadly6h@washingtonpost.com,Male,45.224.214.190,Tin
235,Ardra,Gosling,agosling6i@diigo.com,Female,129.252.141.125,Tampflex
236,Shelagh,Johnsee,sjohnsee6j@statcounter.com,Female,51.57.32.178,Subin
237,Randall,Colville,rcolville6k@comsenz.com,Male,247.147.32.244,Rank
238,Dionysus,Demann,ddemann6l@ifeng.com,Male,56.151.184.51,Duobam
239,Kylie,Arnault,karnault6m@whitehouse.gov,Male,187.43.141.33,Cookley
240,Harlene,Done,hdone6n@skype.com,Female,169.109.86.26,Veribet
241,Horatio,Giacobelli,hgiacobelli6o@independent.co.uk,Male,85.218.240.152,Bigtax
242,Tobey,Brosh,tbrosh6p@dell.com,Female,66.6.22.49,Asoka
243,Constantine,Orteu,corteu6q@gizmodo.com,Female,62.30.30.161,Asoka
244,Bronny,Archard,barchard6r@purevolume.com,Male,200.155.216.250,Otcom
245,Rich,Lafoy,rlafoy6s@phpbb.com,Male,45.252.67.218,Fintone
246,Lezlie,Maty,lmaty6t@nsw.gov.au,Female,193.142.157.34,Solarbreeze
247,Trueman,Evequot,tevequot6u@e-recht24.de,Male,254.108.241.192,Rank
248,Astrix,MacGilrewy,amacgilrewy6v@google.ru,Female,152.127.14.183,Namfix
249,Valry,Sedgman,vsedgman6w@si.edu,Female,137.137.244.180,Otcom
250,Frieda,Sywell,fsywell6x@dedecms.com,Female,107.253.220.142,Bamity
251,Antonius,Gabbot,agabbot6y@blinklist.com,Male,8.76.123.163,Temp
252,Walsh,Sare,wsare6z@youtube.com,Male,148.213.79.112,Zoolab
253,Goldarina,Grose,ggrose70@zimbio.com,Female,38.67.236.78,Solarbreeze
254,Delilah,Walliker,dwalliker71@redcross.org,Female,164.191.230.18,Tres-Zap
255,Bertram,Stansbie,bstansbie72@meetup.com,Male,140.182.212.231,Subin
256,Rock,Styche,rstyche73@cafepress.com,Male,190.234.14.35,Voyatouch
257,Lonnard,Worwood,lworwood74@unicef.org,Male,254.154.156.221,Sub-Ex
258,Cassi,McCreedy,cmccreedy75@about.me,Female,113.94.224.188,Toughjoyfax
259,Galvin,Ell,gell76@scribd.com,Male,187.63.53.78,Sonair
260,Tobias,Minshaw,tminshaw77@last.fm,Male,104.248.41.141,Opela
261,Larisa,Satch,lsatch78@blinklist.com,Female,29.32.23.37,Tampflex
262,Nils,Jerdan,njerdan79@instagram.com,Male,124.134.122.2,Subin
263,Morgan,Toma,mtoma7a@edublogs.org,Female,8.206.116.244,Latlux
264,Di,Redier,dredier7b@disqus.com,Female,12.28.82.251,Opela
265,Roobbie,Dunning,rdunning7c@homestead.com,Female,172.10.232.97,Andalax
266,Pandora,Coultard,pcoultard7d@wikimedia.org,Female,20.69.138.93,Tres-Zap
267,Dukie,Klaessen,dklaessen7e@chicagotribune.com,Male,203.204.231.3,Namfix
268,Enrika,MacAskie,emacaskie7f@twitter.com,Female,4.25.229.223,Stronghold
269,Margarethe,Gracey,mgracey7g@goo.gl,Female,94.187.163.98,Konklab
270,Aindrea,Ricks,aricks7h@washingtonpost.com,Female,245.178.116.35,Tampflex
271,Billie,Nix,bnix7i@printfriendly.com,Male,247.80.151.217,Vagram
272,Gill,Dyke,gdyke7j@psu.edu,Female,94.100.121.132,Konklab
273,Tibold,Marrington,tmarrington7k@stanford.edu,Male,219.180.97.178,Flowdesk
274,Willabella,Stammler,wstammler7l@mapquest.com,Female,209.135.172.125,Stringtough
275,Bronnie,Baulch,bbaulch7m@dmoz.org,Male,232.250.162.180,Domainer
276,Delinda,Hue,dhue7n@craigslist.org,Female,77.140.2.54,Gembucket
277,Marlane,Simmon,msimmon7o@ask.com,Female,255.84.206.25,Regrant
278,Anica,Cheeseman,acheeseman7p@tuttocitta.it,Female,84.59.4.179,Vagram
279,Eugen,Scotney,escotney7q@abc.net.au,Male,128.225.101.91,Latlux
280,Everett,Dalwood,edalwood7r@yellowpages.com,Male,189.201.101.124,Otcom
281,Morlee,Durnell,mdurnell7s@twitter.com,Male,163.136.95.99,Zamit
282,Courtnay,Sedgemore,csedgemore7t@comsenz.com,Female,67.49.206.61,Wrapsafe
283,Courtenay,Fittes,cfittes7u@google.es,Female,96.130.175.35,Zoolab
284,Salomo,Jarman,sjarman7v@ucla.edu,Male,69.225.226.86,Sonair
285,Nickie,Bardill,nbardill7w@bing.com,Male,245.22.231.103,Bitwolf
286,Arny,Airlie,aairlie7x@amazon.co.uk,Male,3.56.70.63,Sonsing
287,Ashton,Renol,arenol7y@illinois.edu,Male,169.125.4.116,Transcof
288,Bridie,Eglese,beglese7z@nsw.gov.au,Female,36.21.121.168,Alphazap
289,Wylie,Perkin,wperkin80@purevolume.com,Male,105.126.39.114,Keylex
290,Velma,Bush,vbush81@ask.com,Female,138.112.68.74,Keylex
291,Lanette,Atcock,latcock82@nbcnews.com,Female,22.155.206.104,Y-find
292,Carolina,Quarrell,cquarrell83@webeden.co.uk,Female,169.47.137.67,Otcom
293,Anallise,Zoppo,azoppo84@ca.gov,Female,208.216.94.8,Home Ing
294,Prentice,Notton,pnotton85@fema.gov,Male,254.128.227.85,Home Ing
295,Renard,Luby,rluby86@unc.edu,Male,229.160.172.95,Aerified
296,Shep,Lickorish,slickorish87@businessweek.com,Male,78.48.44.248,Wrapsafe
297,Michaeline,Westcar,mwestcar88@biglobe.ne.jp,Female,239.98.208.114,Aerified
298,Friedrich,Calderon,fcalderon89@printfriendly.com,Male,31.142.167.90,Otcom
299,Ambrosi,Flaune,aflaune8a@stumbleupon.com,Male,95.40.92.236,Cardify
300,Dynah,Kenson,dkenson8b@deliciousdays.com,Female,252.251.254.104,Pannier
301,Dari,Stealey,dstealey8c@shareasale.com,Female,43.160.77.88,Transcof
302,Blinnie,Cawthra,bcawthra8d@comcast.net,Female,207.192.218.46,Bytecard
303,Spence,Cruxton,scruxton8e@independent.co.uk,Male,133.111.138.148,Y-Solowarm
304,Skelly,Berrey,sberrey8f@bizjournals.com,Male,154.225.207.17,Vagram
305,Tristam,Tatam,ttatam8g@loc.gov,Male,115.42.204.223,Viva
306,Darbee,Gullane,dgullane8h@newsvine.com,Male,164.214.66.39,Alphazap
307,Rosanne,Franies,rfranies8i@artisteer.com,Female,182.90.1.232,Cookley
308,Donelle,Spratt,dspratt8j@mozilla.com,Female,233.165.38.135,Toughjoyfax
309,Yorke,Blenkinship,yblenkinship8k@vk.com,Male,196.173.255.83,Sonair
310,Obadiah,Turfus,oturfus8l@cafepress.com,Male,58.239.246.11,Voyatouch
311,Gabbi,Marzele,gmarzele8m@arizona.edu,Female,120.47.6.16,Matsoft
312,Ernie,Croley,ecroley8n@amazon.co.uk,Male,236.87.79.178,Quo Lux
313,Gretal,Manns,gmanns8o@xrea.com,Female,190.9.78.88,Pannier
314,Franchot,Borgesio,fborgesio8p@wordpress.org,Male,60.131.93.40,Sonair
315,Jobye,De Laci,jdelaci8q@webmd.com,Female,150.33.180.66,Asoka
316,Jonathon,Simone,jsimone8r@privacy.gov.au,Male,77.175.192.91,Prodder
317,Toby,Pickrill,tpickrill8s@over-blog.com,Female,119.212.197.70,Cardguard
318,Raquela,Lewson,rlewson8t@va.gov,Female,54.212.183.113,Bigtax
319,Jessika,Baigent,jbaigent8u@imdb.com,Female,17.117.83.240,Bigtax
320,Linell,Aisman,laisman8v@diigo.com,Female,5.64.118.126,Zamit
321,Rutledge,Hopkynson,rhopkynson8w@yahoo.co.jp,Male,104.191.253.124,Tempsoft
322,Kennie,Crummey,kcrummey8x@telegraph.co.uk,Male,88.116.123.182,Tres-Zap
323,Roselle,Hedley,rhedley8y@mayoclinic.com,Female,171.223.58.223,Cardify
324,Creigh,Roblin,croblin8z@earthlink.net,Male,223.179.186.29,Opela
325,Percy,Hyde-Chambers,phydechambers90@sbwire.com,Male,5.193.40.168,Viva
326,Sybila,Fearenside,sfearenside91@zimbio.com,Female,22.34.18.69,Solarbreeze
327,Shaine,Beeton,sbeeton92@umn.edu,Female,228.26.25.237,Hatity
328,Noak,Pingston,npingston93@biblegateway.com,Male,7.24.83.242,Ronstring
329,Ravid,Hambatch,rhambatch94@sciencedaily.com,Male,10.69.227.27,Ventosanzap
330,Parsifal,Spellar,pspellar95@virginia.edu,Male,63.226.132.176,Zontrax
331,Naoma,Rotham,nrotham96@weibo.com,Female,121.203.214.241,Biodex
332,Vic,Pietasch,vpietasch97@blogspot.com,Male,90.92.195.18,Tres-Zap
333,Noelani,Brewers,nbrewers98@bbc.co.uk,Female,68.89.224.157,Keylex
334,Nancy,McGuinness,nmcguinness99@epa.gov,Female,198.146.233.241,Voltsillam
335,Marc,Lillow,mlillow9a@odnoklassniki.ru,Male,113.86.182.117,Konklab
336,Gabby,Poxon,gpoxon9b@cloudflare.com,Male,77.231.141.187,Lotstring
337,Claudian,Govett,cgovett9c@netvibes.com,Male,34.189.129.229,Voyatouch
338,Gage,Dix,gdix9d@marketwatch.com,Male,157.85.195.156,Cardguard
339,Celeste,Franiak,cfraniak9e@pagesperso-orange.fr,Female,164.255.246.13,Tin
340,Jojo,Mays,jmays9f@mozilla.org,Female,200.47.195.140,Alphazap
341,Christiano,Revance,crevance9g@yale.edu,Male,79.15.138.110,Cookley
342,Jamie,Morrall,jmorrall9h@merriam-webster.com,Male,184.91.180.87,Span
343,Eloise,Cess,ecess9i@netlog.com,Female,167.95.133.4,Prodder
344,Matthus,Kelf,mkelf9j@ameblo.jp,Male,2.114.100.58,Y-Solowarm
345,Josi,Senton,jsenton9k@ehow.com,Female,248.40.71.46,Stringtough
346,Geordie,Duguid,gduguid9l@blogspot.com,Male,127.74.17.157,Regrant
347,Gifford,Heliot,gheliot9m@usda.gov,Male,95.239.121.115,Pannier
348,Brittany,Ziemen,bziemen9n@wikimedia.org,Female,173.239.0.134,Redhold
349,Dominic,Sperrett,dsperrett9o@is.gd,Male,14.156.111.217,Opela
350,Mart,Wattisham,mwattisham9p@last.fm,Male,15.162.21.87,Zamit
351,Claire,Chicken,cchicken9q@miitbeian.gov.cn,Female,255.99.190.136,Otcom
352,Dante,Dyball,ddyball9r@noaa.gov,Male,226.15.107.71,Bamity
353,Burlie,Tremmil,btremmil9s@ovh.net,Male,73.17.38.9,Mat Lam Tam
354,Parsifal,Cuel,pcuel9t@japanpost.jp,Male,200.11.49.127,Sub-Ex
355,Griffy,Boynes,gboynes9u@hubpages.com,Male,186.197.194.238,Y-Solowarm
356,Fax,Scargill,fscargill9v@meetup.com,Male,210.229.90.73,Treeflex
357,Andrus,Bainbrigge,abainbrigge9w@etsy.com,Male,21.237.250.105,Y-find
358,Raynor,MacKeeg,rmackeeg9x@europa.eu,Male,177.74.9.193,Domainer
359,Carey,Akid,cakid9y@ted.com,Male,3.13.153.117,Alphazap
360,Boyd,Gyer,bgyer9z@epa.gov,Male,46.1.98.197,Andalax
361,Gerek,Keizman,gkeizmana0@japanpost.jp,Male,248.8.192.218,Fintone
362,Marcy,Mant,mmanta1@simplemachines.org,Female,190.104.74.148,Bitwolf
363,Tremaine,Sworne,tswornea2@phpbb.com,Male,92.142.176.168,Hatity
364,Toddy,Prentice,tprenticea3@mayoclinic.com,Male,46.84.231.254,Zamit
365,Lyn,Mold,lmolda4@nasa.gov,Male,64.186.213.175,Zamit
366,Alis,Tomley,atomleya5@miibeian.gov.cn,Female,220.183.38.81,Namfix
367,Talbert,Semour,tsemoura6@wsj.com,Male,21.37.131.153,Tempsoft
368,Ruthi,Bickerdyke,rbickerdykea7@prweb.com,Female,192.28.103.171,Greenlam
369,Hermon,Cubberley,hcubberleya8@amazon.de,Male,163.131.246.187,Mat Lam Tam
370,Jaquith,Hoogendorp,jhoogendorpa9@wufoo.com,Female,61.70.146.221,Voyatouch
371,Bria,O'dell,bodellaa@adobe.com,Female,238.66.112.102,Veribet
372,Mortie,Sudddard,msudddardab@over-blog.com,Male,163.191.137.143,Bamity
373,Lettie,Birth,lbirthac@zdnet.com,Female,43.29.159.144,Overhold
374,Monika,Narracott,mnarracottad@slate.com,Female,183.44.11.46,Redhold
375,Sherilyn,Date,sdateae@seattletimes.com,Female,35.117.65.194,Bytecard
376,May,Klebes,mklebesaf@moonfruit.com,Female,21.125.103.238,Cardify
377,Dani,Ruller,drullerag@go.com,Female,67.15.238.219,Fixflex
378,Hastie,Decreuze,hdecreuzeah@icq.com,Male,55.67.17.14,Y-Solowarm
379,Kermy,Loffhead,kloffheadai@liveinternet.ru,Male,144.70.12.140,Asoka
380,Christyna,Kippling,ckipplingaj@google.cn,Female,107.215.89.5,Y-find
381,Tan,Tampin,ttampinak@statcounter.com,Male,45.122.1.70,Veribet
382,Wainwright,Chavrin,wchavrinal@aol.com,Male,112.80.125.181,Lotstring
383,Rodrique,Welland,rwellandam@netscape.com,Male,91.67.231.78,Viva
384,Thaddus,Manjin,tmanjinan@taobao.com,Male,255.202.108.90,Aerified
385,Anatole,Shapcote,ashapcoteao@loc.gov,Male,135.69.14.182,Opela
386,Pail,Clifforth,pclifforthap@earthlink.net,Male,245.164.142.147,Matsoft
387,Gaby,Donwell,gdonwellaq@merriam-webster.com,Female,98.173.167.211,Y-Solowarm
388,Humfrid,Marwood,hmarwoodar@huffingtonpost.com,Male,129.193.17.114,Sub-Ex
389,Bartholomeo,Prandin,bprandinas@jiathis.com,Male,161.87.123.255,Alphazap
390,Alfonso,Cicconettii,acicconettiiat@mapy.cz,Male,186.76.18.208,Bamity
391,Bonita,Bowmaker,bbowmakerau@marketwatch.com,Female,253.100.132.146,Cookley
392,Erin,Buckberry,ebuckberryav@gov.uk,Male,199.239.38.134,Prodder
393,Rozele,Wagner,rwagneraw@virginia.edu,Female,219.110.61.131,Span
394,Dorey,Headey,dheadeyax@weibo.com,Male,65.137.192.105,Andalax
395,Reine,Pieter,rpieteray@senate.gov,Female,233.134.87.199,Tempsoft
396,Jeanie,Sabattier,jsabattieraz@japanpost.jp,Female,15.124.116.53,Temp
397,Christiane,Jadczak,cjadczakb0@mail.ru,Female,172.14.10.135,It
398,Marilee,Langthorne,mlangthorneb1@imgur.com,Female,194.177.204.99,Greenlam
399,Irv,Pither,ipitherb2@elegantthemes.com,Male,60.241.1.20,Y-Solowarm
400,Arny,Diprose,adiproseb3@cnet.com,Male,223.192.227.151,Sonsing
401,Agata,Denacamp,adenacampb4@nbcnews.com,Female,116.200.48.40,Overhold
402,Gregorius,Peyes,gpeyesb5@mtv.com,Male,51.150.127.16,Veribet
403,Samuele,Zecchinii,szecchiniib6@virginia.edu,Male,236.22.39.87,Viva
404,Aguste,Glaysher,aglaysherb7@photobucket.com,Male,132.121.68.85,Otcom
405,Annice,Josovich,ajosovichb8@meetup.com,Female,148.63.17.233,Voyatouch
406,Papageno,Bessant,pbessantb9@wunderground.com,Male,7.170.192.64,Sonair
407,Norbert,Sills,nsillsba@apple.com,Male,178.134.158.117,Veribet
408,Bailie,Sale,bsalebb@technorati.com,Male,111.156.182.89,Matsoft
409,Kirbee,Pomroy,kpomroybc@nymag.com,Female,52.153.180.135,Gembucket
410,Horten,Tamburi,htamburibd@mapquest.com,Male,115.137.73.146,Konklab
411,Myrle,Lusher,mlusherbe@theglobeandmail.com,Female,170.53.180.103,Temp
412,Darbee,Egar,degarbf@businessweek.com,Male,246.86.147.200,Cardguard
413,Pyotr,Yarnell,pyarnellbg@shutterfly.com,Male,58.107.116.56,Quo Lux
414,Toddie,L'Hommeau,tlhommeaubh@howstuffworks.com,Male,195.204.38.194,Aerified
415,Guntar,Esslement,gesslementbi@hostgator.com,Male,71.98.90.10,Holdlamis
416,Delmor,Eglese,deglesebj@netlog.com,Male,34.189.218.216,Solarbreeze
417,Thornton,Lattey,tlatteybk@cmu.edu,Male,227.66.127.68,Cookley
418,Nerissa,Pickrill,npickrillbl@mozilla.org,Female,187.134.203.145,Fintone
419,Conni,Petrusch,cpetruschbm@google.fr,Female,144.186.150.71,Treeflex
420,Zelig,O'Dowling,zodowlingbn@163.com,Male,95.215.140.70,Pannier
421,Corabel,Halwell,chalwellbo@techcrunch.com,Female,203.15.96.166,Otcom
422,Maryann,Blackett,mblackettbp@usatoday.com,Female,148.19.0.101,Cookley
423,Michaeline,Loosemore,mloosemorebq@businesswire.com,Female,208.69.139.53,Konklab
424,Glenn,Smedmore,gsmedmorebr@ihg.com,Male,8.193.227.189,Zontrax
425,Wayland,Woolsey,wwoolseybs@google.com,Male,159.83.42.83,Domainer
426,Leonerd,Leaming,lleamingbt@miitbeian.gov.cn,Male,119.120.142.176,Span
427,Kristi,Askam,kaskambu@mayoclinic.com,Female,170.123.217.108,Duobam
428,Keane,Fackney,kfackneybv@bloglovin.com,Male,195.25.224.188,Voltsillam
429,Hilarius,Fadian,hfadianbw@amazonaws.com,Male,66.213.139.98,Namfix
430,Liesa,Madelin,lmadelinbx@hatena.ne.jp,Female,86.188.142.135,Home Ing
431,Boris,Pursey,bpurseyby@wunderground.com,Male,196.146.173.77,Zaam-Dox
432,Magdalen,Pagett,mpagettbz@163.com,Female,53.232.184.214,Bigtax
433,Genia,Lineker,glinekerc0@indiegogo.com,Female,97.77.116.163,Rank
434,Barnabas,Beston,bbestonc1@nsw.gov.au,Male,3.100.174.121,Alphazap
435,Elset,Greetham,egreethamc2@godaddy.com,Female,205.72.53.158,Toughjoyfax
436,Cherianne,Duckering,cduckeringc3@hugedomains.com,Female,161.206.86.166,Trippledex
437,Odilia,Riccardi,oriccardic4@techcrunch.com,Female,19.123.97.149,Fintone
438,Rockwell,Pellman,rpellmanc5@un.org,Male,39.75.44.235,Tresom
439,Cloris,Edwins,cedwinsc6@nhs.uk,Female,70.110.102.177,Vagram
440,Zechariah,Flinn,zflinnc7@nasa.gov,Male,30.112.125.142,Zathin
441,Rora,Fleming,rflemingc8@arizona.edu,Female,129.252.216.191,Alphazap
442,Orren,Sabbin,osabbinc9@icq.com,Male,90.76.130.28,Voyatouch
443,Clovis,Pavese,cpaveseca@t.co,Female,169.200.138.182,Zontrax
444,Wain,Negal,wnegalcb@wisc.edu,Male,162.157.74.240,Flexidy
445,Finley,Halifax,fhalifaxcc@japanpost.jp,Male,251.217.56.31,Sonair
446,Arlen,Tift,atiftcd@weather.com,Female,170.172.10.16,Lotlux
447,Christean,Myrick,cmyrickce@mapy.cz,Female,66.202.82.159,Overhold
448,Clarey,Rowsel,crowselcf@edublogs.org,Female,227.178.240.120,Fintone
449,Egbert,Corben,ecorbencg@guardian.co.uk,Male,241.41.51.180,Bigtax
450,Lin,Clouston,lcloustonch@indiatimes.com,Male,22.203.21.215,Flexidy
451,Cornelle,Gilchrest,cgilchrestci@google.com.au,Female,254.8.132.59,Konklux
452,Margaux,Aartsen,maartsencj@ow.ly,Female,68.225.75.226,Kanlam
453,Dorothy,Veryan,dveryanck@scientificamerican.com,Female,171.239.23.19,Temp
454,Josy,D'Adamo,jdadamocl@un.org,Female,164.9.198.235,Home Ing
455,Duffie,Danielsson,ddanielssoncm@printfriendly.com,Male,38.105.156.151,Alpha
456,Mil,Wallsworth,mwallsworthcn@mlb.com,Female,11.2.250.10,Rank
457,Ken,Capp,kcappco@comsenz.com,Male,159.73.133.31,Aerified
458,Ichabod,Muggleton,imuggletoncp@hibu.com,Male,210.86.41.214,It
459,Lizzie,Trussell,ltrussellcq@ycombinator.com,Female,185.215.52.54,Overhold
460,Carole,Rowlinson,crowlinsoncr@over-blog.com,Female,6.176.22.187,Span
461,Rachele,Hamshere,rhamsherecs@dagondesign.com,Female,131.90.37.30,Ventosanzap
462,Maurizio,Muddicliffe,mmuddicliffect@va.gov,Male,143.121.192.77,Matsoft
463,Steffane,Warrier,swarriercu@netlog.com,Female,140.224.176.4,Transcof
464,Sari,Pettingall,spettingallcv@shop-pro.jp,Female,138.213.219.105,Bytecard
465,Sibylle,Brailsford,sbrailsfordcw@eepurl.com,Female,146.10.160.8,Alphazap
466,Nelie,Shrieve,nshrievecx@sciencedaily.com,Female,45.15.204.77,It
467,L;urette,Guppey,lguppeycy@wiley.com,Female,81.207.110.188,Toughjoyfax
468,Lindie,Tarte,ltartecz@nps.gov,Female,9.121.207.24,Transcof
469,Jo,St. Ledger,jstledgerd0@addtoany.com,Male,6.80.102.145,Konklab
470,Alta,Ouslem,aouslemd1@php.net,Female,187.193.214.213,Tresom
471,Jorrie,Boxhall,jboxhalld2@census.gov,Female,231.136.144.134,Sonsing
472,Niki,Croxford,ncroxfordd3@wsj.com,Male,216.8.201.9,Alphazap
473,Willis,Drew-Clifton,wdrewcliftond4@php.net,Male,28.50.45.136,Stim
474,Shannon,Bloyes,sbloyesd5@mapquest.com,Female,241.251.129.251,Lotstring
475,Chuck,Daughtrey,cdaughtreyd6@t.co,Male,142.89.120.204,Sub-Ex
476,Winny,Yukhnini,wyukhninid7@cyberchimps.com,Male,37.249.57.212,Latlux
477,Rania,Duny,rdunyd8@drupal.org,Female,147.53.153.63,Konklab
478,Raffaello,Philipeau,rphilipeaud9@macromedia.com,Male,228.204.145.165,Fix San
479,Zelig,Astie,zastieda@ted.com,Male,4.53.69.247,Subin
480,Benito,Breinl,bbreinldb@google.ca,Male,170.72.130.174,Cardguard
481,Ernestine,Paynes,epaynesdc@simplemachines.org,Female,193.182.203.103,Stim
482,Hasheem,Beagles,hbeaglesdd@comcast.net,Male,151.169.253.118,Tin
483,Salvatore,Potts,spottsde@mail.ru,Male,123.97.55.48,Y-Solowarm
484,Raymund,Pontefract,rpontefractdf@arstechnica.com,Male,230.110.2.210,Tin
485,Adriana,Culpen,aculpendg@dedecms.com,Female,236.244.80.11,Cookley
486,Lincoln,Styche,lstychedh@cafepress.com,Male,102.60.204.105,Bamity
487,Tam,Soares,tsoaresdi@princeton.edu,Male,66.35.69.208,Voyatouch
488,Chilton,Garvey,cgarveydj@pcworld.com,Male,54.41.13.157,Lotlux
489,Tim,Pidgeon,tpidgeondk@admin.ch,Male,5.235.12.2,Sub-Ex
490,Sly,Pryer,spryerdl@blogger.com,Male,69.53.226.176,Zathin
491,Merl,Braine,mbrainedm@squarespace.com,Female,241.72.212.191,Sub-Ex
492,Rad,Strudwick,rstrudwickdn@marketwatch.com,Male,221.123.153.18,Toughjoyfax
493,Hubey,Serridge,hserridgedo@about.com,Male,174.102.22.249,Kanlam
494,Ilse,Willson,iwillsondp@woothemes.com,Female,6.11.110.151,Lotlux
495,Alison,Lewinton,alewintondq@sciencedirect.com,Female,165.248.89.24,Trippledex
496,Christie,Ballinger,cballingerdr@harvard.edu,Male,94.190.31.82,Vagram
497,Link,Allchorne,lallchorneds@walmart.com,Male,220.23.159.95,Veribet
498,Charlton,Pinchbeck,cpinchbeckdt@tinypic.com,Male,17.244.178.213,Latlux
499,Loy,Soitoux,lsoitouxdu@fc2.com,Male,96.115.197.189,Cardguard
500,Kalvin,de Copeman,kdecopemandv@hc360.com,Male,205.124.220.109,Fintone
501,Hallsy,Larrie,hlarriedw@springer.com,Male,87.140.234.244,Domainer
502,Darren,Waddam,dwaddamdx@skyrock.com,Male,110.28.192.132,Sonsing
503,Adelina,Fairlamb,afairlambdy@studiopress.com,Female,38.250.200.148,Domainer
504,Archibold,Battany,abattanydz@ezinearticles.com,Male,25.60.76.117,Zoolab
505,Adriane,Smillie,asmilliee0@noaa.gov,Female,11.73.1.224,Gembucket
506,Conroy,McKoy,cmckoye1@oaic.gov.au,Male,162.179.78.0,Tempsoft
507,Clarisse,Riccardelli,criccardellie2@feedburner.com,Female,72.227.44.89,Tres-Zap
508,Cecilia,Sharer,csharere3@list-manage.com,Female,226.213.78.152,Konklux
509,Blythe,Radenhurst,bradenhurste4@kickstarter.com,Female,126.185.131.236,Domainer
510,Ainslie,Holme,aholmee5@lulu.com,Female,25.201.5.132,Andalax
511,Dita,Belz,dbelze6@alibaba.com,Female,228.37.190.34,Flowdesk
512,Deana,Sanderson,dsandersone7@ucla.edu,Female,230.103.220.211,Otcom
513,Cairistiona,Jakab,cjakabe8@marriott.com,Female,164.27.142.138,Bigtax
514,Lind,Sabati,lsabatie9@cnbc.com,Male,95.176.27.64,Zoolab
515,Emanuele,Badby,ebadbyea@ca.gov,Male,5.247.101.89,Overhold
516,Arv,Regan,areganeb@artisteer.com,Male,18.251.123.245,Domainer
517,Mason,Ferreira,mferreiraec@psu.edu,Male,175.190.48.236,Zaam-Dox
518,Faulkner,Rennox,frennoxed@npr.org,Male,136.234.64.145,Prodder
519,Maia,Raith,mraithee@tripadvisor.com,Female,193.213.245.139,Bitwolf
520,Garry,Heinlein,gheinleinef@eepurl.com,Male,199.232.173.91,Fixflex
521,Randall,Bynert,rbynerteg@woothemes.com,Male,123.103.70.146,Zontrax
522,Morena,Wellfare,mwellfareeh@youku.com,Female,78.205.247.159,Stronghold
523,Vivienne,Mostyn,vmostynei@icq.com,Female,113.42.45.146,Overhold
524,Tommie,Dilston,tdilstonej@de.vu,Female,49.39.13.122,Bytecard
525,Wally,Tearny,wtearnyek@pinterest.com,Male,198.127.32.59,Fixflex
526,Wilden,Aird,wairdel@blinklist.com,Male,72.193.221.7,Subin
527,Dionysus,Ucchino,ducchinoem@addthis.com,Male,176.224.74.172,Bitwolf
528,Dredi,Du Barry,ddubarryen@statcounter.com,Female,115.168.179.27,Lotstring
529,Kimbra,Grooby,kgroobyeo@cargocollective.com,Female,111.32.251.213,Tresom
530,Yorgo,Crielly,ycriellyep@biblegateway.com,Male,131.147.7.80,Overhold
531,Newton,Kintish,nkintisheq@yellowpages.com,Male,132.21.80.198,Y-Solowarm
532,Nixie,Lafont,nlafonter@adobe.com,Female,121.167.113.53,Gembucket
533,Garwin,Sales,gsaleses@techcrunch.com,Male,5.225.107.120,Tampflex
534,Niel,Cuschieri,ncuschieriet@devhub.com,Male,235.84.146.141,Voltsillam
535,Andros,Blaxall,ablaxalleu@yellowbook.com,Male,232.70.45.99,Regrant
536,Marcus,Mathias,mmathiasev@wisc.edu,Male,46.108.68.185,Tresom
537,Bridie,Boteman,bbotemanew@technorati.com,Female,33.128.131.212,Treeflex
538,Adolf,Redding,areddingex@berkeley.edu,Male,249.18.149.226,Aerified
539,Kasey,Dronsfield,kdronsfieldey@stanford.edu,Female,98.189.6.84,Flexidy
540,Elizabeth,Atter,eatterez@loc.gov,Female,31.150.53.49,Stronghold
541,Templeton,Garioch,tgariochf0@ftc.gov,Male,133.229.116.62,Holdlamis
542,Kristan,Moorhouse,kmoorhousef1@istockphoto.com,Female,16.174.84.136,Job
543,Melisa,Pamphilon,mpamphilonf2@wufoo.com,Female,235.55.208.140,Span
544,Hetti,Beels,hbeelsf3@ameblo.jp,Female,137.9.153.250,Tin
545,Bibbie,Jotham,bjothamf4@hhs.gov,Female,130.142.108.159,Prodder
546,Nicolis,Gain,ngainf5@nhs.uk,Male,0.17.171.237,Trippledex
547,Markos,Guile,mguilef6@lycos.com,Male,219.10.168.113,Lotstring
548,Monica,Stoller,mstollerf7@fema.gov,Female,225.117.219.205,Transcof
549,Donaugh,Mahomet,dmahometf8@cmu.edu,Male,248.218.109.93,Vagram
550,Nichols,Linzey,nlinzeyf9@geocities.jp,Male,7.195.125.2,Konklab
551,Viviene,Roughey,vrougheyfa@ted.com,Female,181.157.75.123,Keylex
552,Jillane,Castellan,jcastellanfb@fema.gov,Female,213.52.185.215,Namfix
553,Rennie,Pashenkov,rpashenkovfc@wikispaces.com,Female,36.130.211.216,Keylex
554,Ludovico,Barukh,lbarukhfd@spiegel.de,Male,235.74.241.240,Ventosanzap
555,Myrlene,Kensy,mkensyfe@topsy.com,Female,148.225.208.90,Home Ing
556,Park,Leathard,pleathardff@geocities.jp,Male,201.141.8.152,Ventosanzap
557,Evania,Mesias,emesiasfg@delicious.com,Female,148.154.32.192,Bamity
558,Hiram,Tantum,htantumfh@livejournal.com,Male,228.132.161.36,Fixflex
559,Nevil,Topling,ntoplingfi@opensource.org,Male,150.62.29.78,Overhold
560,Annice,Doul,adoulfj@ameblo.jp,Female,187.158.192.119,Pannier
561,Cirstoforo,Bodicum,cbodicumfk@photobucket.com,Male,215.9.245.236,Bamity
562,Grant,Arnaldi,garnaldifl@sfgate.com,Male,252.45.203.67,It
563,Lyndy,Gribbin,lgribbinfm@reuters.com,Female,206.36.201.44,Lotstring
564,Verena,Heasley,vheasleyfn@unicef.org,Female,78.219.2.81,Voltsillam
565,Stephanus,Pinilla,spinillafo@answers.com,Male,196.138.207.175,Y-find
566,Kial,Letten,klettenfp@archive.org,Female,15.199.7.12,Duobam
567,Caitrin,Stolte,cstoltefq@icio.us,Female,65.178.75.57,Otcom
568,Teodor,Burgise,tburgisefr@rediff.com,Male,58.167.88.92,Hatity
569,Fiann,Chasney,fchasneyfs@about.com,Female,240.14.65.89,Flexidy
570,Randal,Paolazzi,rpaolazzift@accuweather.com,Male,239.219.7.54,Konklux
571,Nickie,Dabes,ndabesfu@last.fm,Male,158.225.91.47,Tresom
572,Holmes,Stallibrass,hstallibrassfv@liveinternet.ru,Male,27.216.1.11,Greenlam
573,Minnnie,Orman,mormanfw@google.com,Female,39.156.51.84,Domainer
574,Aaron,Orris,aorrisfx@cnet.com,Male,234.11.6.251,Fix San
575,Dionysus,Woolaston,dwoolastonfy@creativecommons.org,Male,42.122.138.34,Stim
576,Edgar,Baudassi,ebaudassifz@telegraph.co.uk,Male,43.0.82.156,Home Ing
577,Ashton,Minithorpe,aminithorpeg0@miitbeian.gov.cn,Male,18.2.217.63,Fix San
578,Grant,Succamore,gsuccamoreg1@sfgate.com,Male,13.161.27.250,Asoka
579,Wright,Cuttler,wcuttlerg2@phpbb.com,Male,15.76.104.126,Fix San
580,Ada,Collishaw,acollishawg3@youtu.be,Female,33.111.237.132,Pannier
581,Angele,Sawtell,asawtellg4@cnbc.com,Female,1.229.159.199,Transcof
582,Giulietta,Molineaux,gmolineauxg5@phpbb.com,Female,147.101.162.13,Gembucket
583,Newton,Folk,nfolkg6@clickbank.net,Male,124.249.135.115,Voyatouch
584,Ruperto,Pistol,rpistolg7@technorati.com,Male,125.127.132.255,Lotlux
585,Ignazio,Frowen,ifroweng8@fotki.com,Male,109.24.225.36,Tampflex
586,Isadora,Adkins,iadkinsg9@hibu.com,Female,34.186.57.149,Stringtough
587,Mord,Risen,mrisenga@google.de,Male,171.230.26.229,Stronghold
588,Friedrick,Lundon,flundongb@washington.edu,Male,43.36.147.77,Treeflex
589,Amanda,Tyne,atynegc@samsung.com,Female,95.24.129.254,Kanlam
590,Clerkclaude,Wegner,cwegnergd@google.ru,Male,152.155.135.116,Asoka
591,Cornelius,Bengoechea,cbengoecheage@forbes.com,Male,75.99.191.246,Home Ing
592,Brook,Mingard,bmingardgf@symantec.com,Female,95.62.66.150,Redhold
593,Itch,O'Cullen,iocullengg@comcast.net,Male,161.135.91.198,Solarbreeze
594,Belicia,Luety,bluetygh@github.com,Female,220.225.228.126,Bitwolf
595,Sylvan,Goodfield,sgoodfieldgi@istockphoto.com,Male,140.24.96.18,Zoolab
596,Veronike,Dench,vdenchgj@eventbrite.com,Female,2.136.154.46,Wrapsafe
597,Fonsie,Kleisle,fkleislegk@1688.com,Male,20.253.2.145,Sonair
598,Udall,Morson,umorsongl@marketwatch.com,Male,115.177.171.57,Veribet
599,Elana,Angric,eangricgm@blinklist.com,Female,32.186.143.28,Otcom
600,Abigail,Atwill,aatwillgn@weebly.com,Female,169.108.6.92,Tempsoft
601,Loree,Furlow,lfurlowgo@wisc.edu,Female,102.140.246.82,Greenlam
602,Kettie,Beane,kbeanegp@ezinearticles.com,Female,133.53.111.168,Holdlamis
603,Patti,Spinke,pspinkegq@telegraph.co.uk,Female,146.90.109.179,Stringtough
604,Dennison,Havelin,dhavelingr@dailymotion.com,Male,145.194.89.192,Transcof
605,Chad,Dorr,cdorrgs@google.com.au,Female,167.183.110.48,Fixflex
606,Celene,Antalffy,cantalffygt@bbb.org,Female,197.99.150.4,Sonair
607,Scott,Fidelli,sfidelligu@1und1.de,Male,32.152.25.129,Fintone
608,Juditha,Liccardo,jliccardogv@blogspot.com,Female,237.20.134.40,Transcof
609,Felic,Solman,fsolmangw@free.fr,Male,65.20.18.0,Matsoft
610,Sibylla,Andrew,sandrewgx@washington.edu,Female,255.228.183.75,Gembucket
611,Bidget,MacTrustram,bmactrustramgy@aboutads.info,Female,183.52.119.61,Zamit
612,Jonell,Duffield,jduffieldgz@telegraph.co.uk,Female,145.135.0.134,Holdlamis
613,Hatty,Parkin,hparkinh0@time.com,Female,19.52.184.102,Fixflex
614,Erny,Hotchkin,ehotchkinh1@mlb.com,Male,22.137.232.245,Flowdesk
615,Alysa,Margetson,amargetsonh2@cnbc.com,Female,195.117.109.56,Quo Lux
616,Gerrilee,Francois,gfrancoish3@sun.com,Female,144.150.115.202,Tresom
617,Bernhard,Billinge,bbillingeh4@homestead.com,Male,64.206.114.144,Sonair
618,Alvinia,Norsister,anorsisterh5@unc.edu,Female,137.170.111.127,Gembucket
619,Evvy,Nickell,enickellh6@furl.net,Female,184.30.108.147,Vagram
620,Patty,Ruprecht,pruprechth7@symantec.com,Male,90.43.175.12,Otcom
621,Allie,Wheelton,awheeltonh8@java.com,Female,164.154.22.107,Home Ing
622,Ive,Shakshaft,ishakshafth9@chicagotribune.com,Male,137.235.140.133,Veribet
623,Ruttger,Aberhart,raberhartha@dmoz.org,Male,84.243.255.1,Cardguard
624,Melicent,Couronne,mcouronnehb@japanpost.jp,Female,55.55.204.21,Cardify
625,Frazier,Dahl,fdahlhc@usda.gov,Male,212.211.30.16,Mat Lam Tam
626,Rosalia,Caulton,rcaultonhd@wikia.com,Female,28.119.177.183,Solarbreeze
627,Pernell,Cawcutt,pcawcutthe@topsy.com,Male,236.175.240.6,Kanlam
628,Rupert,Baudouin,rbaudouinhf@last.fm,Male,209.167.12.34,Transcof
629,Codie,Ketcher,cketcherhg@ucla.edu,Female,115.208.38.67,Tin
630,Konstanze,Shirrell,kshirrellhh@hatena.ne.jp,Female,38.101.208.234,Mat Lam Tam
631,Tori,Paik,tpaikhi@stanford.edu,Female,197.88.145.248,Bitchip
632,Merci,L'Archer,mlarcherhj@bluehost.com,Female,50.23.15.24,Opela
633,Bert,Frankling,bfranklinghk@goo.ne.jp,Female,171.207.2.111,Duobam
634,Diahann,Sumshon,dsumshonhl@auda.org.au,Female,51.120.102.233,Otcom
635,Nathanial,Pym,npymhm@home.pl,Male,228.187.183.35,Konklux
636,Jakie,Kingerby,jkingerbyhn@ucsd.edu,Male,22.86.129.204,Mat Lam Tam
637,Jereme,Messier,jmessierho@abc.net.au,Male,246.171.116.254,Bytecard
638,Web,Litt,wlitthp@ucla.edu,Male,27.234.28.109,Cookley
639,Maisey,Gumm,mgummhq@about.me,Female,103.127.174.192,Fixflex
640,Alma,Fresson,afressonhr@who.int,Female,212.9.228.48,Bytecard
641,Faustina,Oliphard,foliphardhs@yelp.com,Female,45.210.111.115,Stim
642,Annmaria,Mateja,amatejaht@biglobe.ne.jp,Female,234.99.90.227,Bitchip
643,Donelle,Simonett,dsimonetthu@elpais.com,Female,76.76.162.13,Hatity
644,Kesley,Ainley,kainleyhv@epa.gov,Female,179.124.174.43,Veribet
645,Rick,Myles,rmyleshw@xing.com,Male,154.118.134.104,Tin
646,Augustus,Kobpac,akobpachx@vistaprint.com,Male,210.121.89.26,Regrant
647,Sydney,Burgwyn,sburgwynhy@tripadvisor.com,Female,41.250.219.67,Fixflex
648,Diena,Adacot,dadacothz@fotki.com,Female,234.166.186.134,Fixflex
649,Emmaline,Tucsell,etucselli0@4shared.com,Female,191.58.154.224,Flowdesk
650,Dav,Brient,dbrienti1@bbc.co.uk,Male,0.24.12.161,It
651,Burlie,Chinn,bchinni2@columbia.edu,Male,241.112.178.230,Sub-Ex
652,Garry,Annwyl,gannwyli3@webmd.com,Male,10.172.97.25,Lotlux
653,Binni,Outlaw,boutlawi4@slashdot.org,Female,95.87.28.177,Domainer
654,Bob,Kiely,bkielyi5@over-blog.com,Male,14.243.134.88,Cardify
655,Aubine,Thewlis,athewlisi6@booking.com,Female,147.128.208.133,Treeflex
656,Leopold,Markussen,lmarkusseni7@lulu.com,Male,54.160.85.120,Alphazap
657,Justen,Kilner,jkilneri8@google.nl,Male,231.21.145.113,Redhold
658,Minette,Howden,mhowdeni9@hostgator.com,Female,191.114.88.217,Duobam
659,Andriana,Menelaws,amenelawsia@mtv.com,Female,132.214.240.91,Y-Solowarm
660,Twila,Dartnell,tdartnellib@va.gov,Female,106.16.92.105,Opela
661,Ugo,Bredgeland,ubredgelandic@umn.edu,Male,165.164.20.236,Zoolab
662,Brian,Holleworth,bholleworthid@tmall.com,Male,87.122.166.216,Ronstring
663,Sheffie,Zarfat,szarfatie@surveymonkey.com,Male,59.186.238.228,Tampflex
664,Mitzi,Pitkethly,mpitkethlyif@chron.com,Female,172.127.65.27,Bytecard
665,Di,Hansell,dhansellig@wunderground.com,Female,101.185.136.62,Kanlam
666,Ole,Hellings,ohellingsih@google.com,Male,67.80.251.173,Zaam-Dox
667,Jasmin,Gridley,jgridleyii@moonfruit.com,Female,126.183.22.47,Redhold
668,Galvin,Rosendale,grosendaleij@answers.com,Male,32.5.183.87,Sonsing
669,Milton,Bignold,mbignoldik@nbcnews.com,Male,224.252.52.99,Stim
670,Charmain,Grebert,cgrebertil@ft.com,Female,79.172.16.110,Subin
671,Marisa,Chatin,mchatinim@phoca.cz,Female,229.90.80.202,Ventosanzap
672,Dewey,Kobpac,dkobpacin@oracle.com,Male,248.16.27.215,Wrapsafe
673,Rafaello,Sellstrom,rsellstromio@state.gov,Male,57.224.85.155,Bitwolf
674,Christyna,Tobin,ctobinip@ihg.com,Female,121.151.68.29,Opela
675,Raddy,Camolli,rcamolliiq@google.com,Male,41.203.82.23,Y-find
676,Hephzibah,Scurry,hscurryir@photobucket.com,Female,215.110.241.248,Stringtough
677,Bran,Crewes,bcrewesis@jugem.jp,Male,32.154.227.153,Flowdesk
678,Bail,Muckeen,bmuckeenit@exblog.jp,Male,136.167.166.103,It
679,Mallory,Tulleth,mtullethiu@weebly.com,Female,161.254.167.151,Voltsillam
680,Padget,Coatman,pcoatmaniv@patch.com,Male,243.192.170.135,Bitwolf
681,Osbourne,Ginnelly,oginnellyiw@feedburner.com,Male,170.236.148.140,Mat Lam Tam
682,Codie,O' Connell,coconnellix@cbsnews.com,Male,136.123.127.198,Alphazap
683,Tate,Shailer,tshaileriy@webmd.com,Female,139.61.119.249,Job
684,Jorgan,Kenyam,jkenyamiz@weebly.com,Male,125.158.62.229,Wrapsafe
685,Francine,Zorzi,fzorzij0@woothemes.com,Female,242.90.58.0,Zaam-Dox
686,Lynde,Petit,lpetitj1@narod.ru,Female,99.169.132.63,Home Ing
687,Analise,McCloud,amccloudj2@privacy.gov.au,Female,75.202.213.111,Stim
688,Gabriellia,Gariff,ggariffj3@wikispaces.com,Female,190.83.150.9,Stringtough
689,Verney,Back,vbackj4@altervista.org,Male,27.89.58.20,Treeflex
690,Tally,Keningley,tkeningleyj5@google.ca,Female,119.130.125.138,Bitchip
691,Jarib,Pursglove,jpursglovej6@bloomberg.com,Male,234.151.37.13,Home Ing
692,Reuven,Wensley,rwensleyj7@hatena.ne.jp,Male,240.107.196.102,Zaam-Dox
693,Ermin,Nesbitt,enesbittj8@fema.gov,Male,176.213.24.6,Fixflex
694,Eduino,Piesold,epiesoldj9@photobucket.com,Male,226.96.186.143,Voyatouch
695,Abramo,Drife,adrifeja@live.com,Male,208.134.177.223,Quo Lux
696,Vaughan,Vise,vvisejb@issuu.com,Male,168.6.126.21,Matsoft
697,Georgia,Inchan,ginchanjc@nifty.com,Female,128.118.249.113,Tresom
698,Theo,Salt,tsaltjd@stumbleupon.com,Female,37.190.67.1,Zaam-Dox
699,Kyle,Goldhawk,kgoldhawkje@hud.gov,Female,23.71.14.173,Pannier
700,Petronilla,Heaviside,pheavisidejf@netvibes.com,Female,157.33.81.216,Voltsillam
701,Liam,Labet,llabetjg@wisc.edu,Male,195.245.164.57,Voyatouch
702,Charley,Scrooby,cscroobyjh@jiathis.com,Male,195.73.9.57,Lotlux
703,Winfred,Looby,wloobyji@sakura.ne.jp,Male,219.44.175.48,Voltsillam
704,Cass,Nairy,cnairyjj@com.com,Female,38.220.181.235,Fixflex
705,Fons,Ungerechts,fungerechtsjk@dagondesign.com,Male,75.232.128.59,Zaam-Dox
706,Cathe,Pedro,cpedrojl@shareasale.com,Female,235.56.114.202,Aerified
707,Pavlov,Sallter,psallterjm@mac.com,Male,90.233.154.115,Stronghold
708,Gusty,Simon,gsimonjn@gnu.org,Female,248.119.227.25,Bitchip
709,Sula,Butfield,sbutfieldjo@mediafire.com,Female,51.205.19.225,Zontrax
710,Tarrance,Cosser,tcosserjp@ycombinator.com,Male,60.192.168.37,Sonair
711,Teddi,Ferre,tferrejq@amazon.co.uk,Female,191.54.228.186,Fixflex
712,Fin,Strangeway,fstrangewayjr@upenn.edu,Male,250.22.223.139,Sonsing
713,Emelda,Jenno,ejennojs@unicef.org,Female,182.203.165.40,Vagram
714,Brynna,Panther,bpantherjt@ning.com,Female,4.147.207.94,Zamit
715,Donny,Wollrauch,dwollrauchju@netlog.com,Female,3.139.190.121,Trippledex
716,Hyacinthia,Greenstock,hgreenstockjv@wiley.com,Female,78.226.173.164,Cardify
717,Shawn,Meriguet,smeriguetjw@unicef.org,Male,193.158.146.28,Konklux
718,Willy,Anscombe,wanscombejx@un.org,Male,234.129.126.80,Quo Lux
719,Jessee,Moens,jmoensjy@vimeo.com,Male,172.149.73.170,Asoka
720,Octavius,Jagiello,ojagiellojz@netscape.com,Male,189.116.25.77,Tres-Zap
721,Lief,O'Carney,locarneyk0@wordpress.com,Male,212.67.43.218,It
722,Barry,Wison,bwisonk1@furl.net,Male,9.254.244.202,Zaam-Dox
723,Scot,Piggrem,spiggremk2@usda.gov,Male,203.144.232.119,Greenlam
724,Ramonda,Tiernan,rtiernank3@spotify.com,Female,169.31.247.110,Prodder
725,Nils,Salzburg,nsalzburgk4@ed.gov,Male,236.5.244.26,Temp
726,Rowena,Nevett,rnevettk5@jigsy.com,Female,120.159.232.197,Otcom
727,Clive,Cumming,ccummingk6@google.ru,Male,60.230.127.37,Holdlamis
728,Sanson,Stile,sstilek7@topsy.com,Male,63.74.3.233,Lotlux
729,Kerrin,Greatham,kgreathamk8@weather.com,Female,79.142.218.99,Sonsing
730,Gallagher,Steinham,gsteinhamk9@ocn.ne.jp,Male,118.162.229.45,Zontrax
731,Tressa,Haugg,thauggka@issuu.com,Female,139.112.149.25,Prodder
732,Chelsae,Humpage,chumpagekb@g.co,Female,240.17.80.135,Viva
733,Corbett,McCaughren,cmccaughrenkc@gravatar.com,Male,103.162.118.197,Overhold
734,Dougie,Pikesley,dpikesleykd@sciencedaily.com,Male,214.170.160.58,Temp
735,Shina,Collymore,scollymoreke@netvibes.com,Female,60.236.21.4,Job
736,Marchall,Lowles,mlowleskf@wordpress.com,Male,82.64.50.35,Kanlam
737,Devin,Broadey,dbroadeykg@microsoft.com,Female,222.55.155.130,Flexidy
738,Phylys,Hymans,phymanskh@ft.com,Female,230.97.222.41,Daltfresh
739,Lorry,Grece,lgreceki@behance.net,Male,239.237.245.156,Gembucket
740,Fraze,Pirrie,fpirriekj@cnet.com,Male,41.189.132.168,Konklab
741,Robers,Pottes,rpotteskk@jigsy.com,Male,48.98.163.45,Daltfresh
742,Alejandra,Aimeric,aaimerickl@elegantthemes.com,Female,159.101.102.175,Domainer
743,Trstram,Petrou,tpetroukm@sohu.com,Male,104.242.148.224,Lotstring
744,Gabbey,Mildenhall,gmildenhallkn@washington.edu,Female,18.167.217.37,Asoka
745,Stesha,Huegett,shuegettko@imdb.com,Female,236.148.220.33,Greenlam
746,Jacquenette,Thoresby,jthoresbykp@ted.com,Female,156.34.186.87,Flexidy
747,Alvan,Geertsen,ageertsenkq@pinterest.com,Male,109.210.46.63,Trippledex
748,Kerk,Turfrey,kturfreykr@theglobeandmail.com,Male,205.2.206.183,Biodex
749,Lavinie,Stienham,lstienhamks@domainmarket.com,Female,130.28.104.40,Otcom
750,Atlante,McMorran,amcmorrankt@icq.com,Female,95.249.80.211,Job
751,Cherise,Mungin,cmunginku@vkontakte.ru,Female,36.137.130.151,Domainer
752,Tobye,Denziloe,tdenziloekv@gnu.org,Female,251.102.188.238,Flowdesk
753,Rustie,Balas,rbalaskw@sbwire.com,Male,252.21.115.215,Latlux
754,Olva,Larcombe,olarcombekx@psu.edu,Female,143.230.243.103,Stim
755,Ricoriki,Durak,rdurakky@google.com.hk,Male,248.255.222.59,Stronghold
756,Nikolaos,Soar,nsoarkz@thetimes.co.uk,Male,192.182.197.224,Pannier
757,Gregorius,Bonham,gbonhaml0@unblog.fr,Male,36.153.138.10,Vagram
758,Andrus,Gerrelt,agerreltl1@acquirethisname.com,Male,188.103.40.97,Zamit
759,Sioux,Keay,skeayl2@vkontakte.ru,Female,93.246.173.79,Viva
760,Emmie,Cuttin,ecuttinl3@google.es,Female,15.109.6.59,Cardify
761,Justine,Follett,jfollettl4@4shared.com,Female,22.243.145.246,Quo Lux
762,Ebenezer,Binfield,ebinfieldl5@aboutads.info,Male,114.83.169.217,Keylex
763,Sile,Jeacop,sjeacopl6@house.gov,Female,66.55.218.170,Subin
764,Livvy,Fairest,lfairestl7@drupal.org,Female,4.52.72.154,Span
765,Gualterio,Banck,gbanckl8@oakley.com,Male,250.75.95.218,Wrapsafe
766,Cecilius,Kuhnke,ckuhnkel9@home.pl,Male,70.168.18.63,Sonsing
767,Jasmina,Gurko,jgurkola@theglobeandmail.com,Female,47.241.149.96,Keylex
768,Alexa,Ledger,aledgerlb@goo.ne.jp,Female,247.126.250.226,Fix San
769,Poul,Kordovani,pkordovanilc@desdev.cn,Male,71.124.14.81,Overhold
770,Norris,Pickford,npickfordld@salon.com,Male,156.210.105.158,Greenlam
771,Pooh,Newe,pnewele@liveinternet.ru,Male,163.111.169.32,Konklab
772,Dreddy,Queree,dquereelf@ibm.com,Female,78.62.132.103,Gembucket
773,Almeda,Pulham,apulhamlg@devhub.com,Female,197.227.47.76,Asoka
774,Wynne,Allanby,wallanbylh@ucla.edu,Female,59.178.40.28,Aerified
775,Tawnya,Ianne,tianneli@dailymotion.com,Female,8.97.145.124,Pannier
776,Mario,Hodgen,mhodgenlj@feedburner.com,Male,145.241.183.170,Zoolab
777,Grantham,Loyd,gloydlk@google.fr,Male,69.151.243.14,Tampflex
778,Kellina,Balhatchet,kbalhatchetll@rambler.ru,Female,241.222.113.87,Matsoft
779,Sherlocke,Piscot,spiscotlm@techcrunch.com,Male,226.92.206.140,Bigtax
780,Boigie,Finden,bfindenln@smugmug.com,Male,218.204.36.4,Stim
781,Georgeanne,Grealish,ggrealishlo@earthlink.net,Female,27.215.10.131,Cardify
782,Cymbre,Tregenna,ctregennalp@constantcontact.com,Female,186.23.36.28,Ronstring
783,Trevar,Glastonbury,tglastonburylq@parallels.com,Male,156.48.56.255,Overhold
784,Brooks,Marrill,bmarrilllr@parallels.com,Male,212.111.33.144,Zoolab
785,Rosemary,Laville,rlavillels@github.com,Female,203.214.27.57,Matsoft
786,Easter,Pawson,epawsonlt@ted.com,Female,213.114.56.13,Treeflex
787,Mildred,Zmitrichenko,mzmitrichenkolu@economist.com,Female,65.179.41.94,Lotstring
788,Eli,Spurrier,espurrierlv@slate.com,Male,144.67.147.244,Cardguard
789,Georgine,Lukas,glukaslw@dailymail.co.uk,Female,122.136.57.187,Treeflex
790,Erich,O'Grady,eogradylx@illinois.edu,Male,149.111.248.100,Vagram
791,Wendye,Dwire,wdwirely@mail.ru,Female,16.148.1.235,Zaam-Dox
792,Hanan,Kleinstub,hkleinstublz@wikia.com,Male,140.37.209.125,Matsoft
793,Hillie,Bugdall,hbugdallm0@indiegogo.com,Male,77.139.57.194,Greenlam
794,Nilson,Ledington,nledingtonm1@loc.gov,Male,204.36.245.67,Wrapsafe
795,Jerrilee,Preuvost,jpreuvostm2@webs.com,Female,166.245.117.179,Daltfresh
796,Carolus,Barabisch,cbarabischm3@canalblog.com,Male,75.6.138.19,Lotstring
797,Loise,Jimmes,ljimmesm4@geocities.com,Female,156.123.134.170,Tin
798,Marnia,Wiskar,mwiskarm5@macromedia.com,Female,39.181.242.200,Flexidy
799,Alberto,Lipson,alipsonm6@cargocollective.com,Male,153.31.162.192,Fix San
800,Levin,Shurmore,lshurmorem7@abc.net.au,Male,213.109.35.63,Keylex
801,Bernita,Dicey,bdiceym8@scientificamerican.com,Female,217.180.224.163,Latlux
802,Cristian,Cleife,ccleifem9@feedburner.com,Male,140.164.90.119,Andalax
803,Hillery,Matyugin,hmatyuginma@sitemeter.com,Male,174.212.171.93,Job
804,Harley,Dudgeon,hdudgeonmb@usnews.com,Male,228.33.221.185,Sonsing
805,Bartholomeus,Eburne,beburnemc@vimeo.com,Male,224.236.141.146,Hatity
806,Zebulen,Ciobotaru,zciobotarumd@hhs.gov,Male,125.199.142.64,Overhold
807,Ruprecht,Lamba,rlambame@symantec.com,Male,28.148.24.112,Home Ing
808,Belva,Chaise,bchaisemf@360.cn,Female,61.95.180.123,Regrant
809,Brandy,Gosenell,bgosenellmg@uol.com.br,Female,225.242.239.174,Holdlamis
810,Saul,Boffin,sboffinmh@gnu.org,Male,224.4.14.6,Bigtax
811,Damita,Rushmere,drushmeremi@ovh.net,Female,217.129.94.142,Lotstring
812,Torrence,Durno,tdurnomj@ehow.com,Male,106.116.103.101,Ronstring
813,Jane,Danshin,jdanshinmk@paypal.com,Female,166.125.121.243,Cardify
814,Marylou,Sinnett,msinnettml@last.fm,Female,193.38.109.52,Greenlam
815,Rawley,Gouldstraw,rgouldstrawmm@bloomberg.com,Male,38.53.215.146,Solarbreeze
816,Meir,McGonagle,mmcgonaglemn@dedecms.com,Male,88.108.133.198,Fintone
817,Cristin,Beal,cbealmo@chron.com,Female,15.59.121.236,Sub-Ex
818,Percival,Ganning,pganningmp@narod.ru,Male,204.168.255.48,Temp
819,Stanwood,Kovelmann,skovelmannmq@google.com.au,Male,55.106.114.84,Y-Solowarm
820,Halley,Umbers,humbersmr@instagram.com,Female,9.150.226.129,Mat Lam Tam
821,Susanne,Jakoub,sjakoubms@army.mil,Female,86.13.130.209,Konklux
822,Willow,Gayne,wgaynemt@ezinearticles.com,Female,43.78.7.221,Konklab
823,Gale,MacGoun,gmacgounmu@nasa.gov,Female,79.116.175.29,Home Ing
824,Lilith,Skeen,lskeenmv@e-recht24.de,Female,36.93.250.192,Otcom
825,Harlene,Flaunders,hflaundersmw@google.de,Female,77.31.137.45,Fixflex
826,Jennette,Vashchenko,jvashchenkomx@vk.com,Female,128.69.195.118,Domainer
827,Delores,Maass,dmaassmy@mapy.cz,Female,109.217.199.223,Regrant
828,Billy,Ashall,bashallmz@utexas.edu,Male,18.71.214.60,Trippledex
829,Ellen,Pattlel,epattleln0@jiathis.com,Female,196.139.207.241,Ronstring
830,Lynda,Heinemann,lheinemannn1@fastcompany.com,Female,96.152.114.158,Solarbreeze
831,Phyllys,Jaimez,pjaimezn2@jimdo.com,Female,138.54.33.16,Cookley
832,Sonia,Osant,sosantn3@gmpg.org,Female,72.91.161.89,Tempsoft
833,Waite,Morrowe,wmorrowen4@thetimes.co.uk,Male,147.77.51.81,Matsoft
834,Malina,Innocent,minnocentn5@zimbio.com,Female,134.136.30.230,Pannier
835,Oates,Wethered,owetheredn6@mlb.com,Male,207.28.131.137,Lotstring
836,Davine,Dorr,ddorrn7@barnesandnoble.com,Female,231.226.169.153,Opela
837,Micheil,Tansill,mtansilln8@freewebs.com,Male,117.71.242.98,It
838,Stavro,Giordano,sgiordanon9@4shared.com,Male,95.178.123.249,Stringtough
839,Barnard,Le Maitre,blemaitrena@deliciousdays.com,Male,167.189.208.247,Pannier
840,Sharai,Checklin,schecklinnb@i2i.jp,Female,73.38.193.119,Zoolab
841,Eran,Valeri,evalerinc@networksolutions.com,Female,223.154.45.84,Trippledex
842,Jameson,McAughtrie,jmcaughtriend@bloglines.com,Male,117.149.212.220,Tresom
843,Sara-ann,Seiter,sseiterne@phoca.cz,Female,127.182.89.99,Holdlamis
844,Marris,Jackson,mjacksonnf@senate.gov,Female,168.238.89.245,Namfix
845,Kelsy,Allman,kallmanng@elpais.com,Female,35.239.146.46,Bytecard
846,Richie,Dankersley,rdankersleynh@timesonline.co.uk,Male,140.48.127.215,Duobam
847,Kahlil,Perkinson,kperkinsonni@epa.gov,Male,226.38.13.199,Bamity
848,Artemis,Krollman,akrollmannj@accuweather.com,Male,160.71.103.140,Daltfresh
849,Alys,Heymann,aheymannnk@smugmug.com,Female,194.108.139.117,Konklab
850,Osmund,Stockill,ostockillnl@hubpages.com,Male,138.102.13.228,Pannier
851,Aubrey,Spaven,aspavennm@github.com,Male,69.139.103.192,Job
852,Aubrie,Seczyk,aseczyknn@nps.gov,Female,41.168.163.205,Konklab
853,Carolin,Eyeington,ceyeingtonno@opensource.org,Female,171.218.78.210,Home Ing
854,Sutton,Perello,sperellonp@multiply.com,Male,65.197.216.178,Veribet
855,Helenelizabeth,Wickett,hwickettnq@sciencedaily.com,Female,192.212.11.199,Sonsing
856,Leelah,Maruszewski,lmaruszewskinr@springer.com,Female,142.105.201.112,Gembucket
857,Bev,Odney,bodneyns@constantcontact.com,Male,156.105.109.157,Rank
858,Ahmed,Reece,areecent@over-blog.com,Male,5.107.76.158,Flexidy
859,Kennett,Sylvester,ksylvesternu@nbcnews.com,Male,112.238.140.194,Bitchip
860,Ware,MacBey,wmacbeynv@howstuffworks.com,Male,140.210.38.69,Kanlam
861,Burt,Luckhurst,bluckhurstnw@plala.or.jp,Male,50.76.142.136,Keylex
862,Nero,Giorgiutti,ngiorgiuttinx@merriam-webster.com,Male,217.36.72.203,Namfix
863,Barn,Trinkwon,btrinkwonny@gnu.org,Male,70.109.174.102,Fixflex
864,Christye,Millhill,cmillhillnz@live.com,Female,7.228.157.82,Subin
865,Agathe,Faux,afauxo0@cnn.com,Female,209.164.223.215,Transcof
866,Fanni,Hairsine,fhairsineo1@slate.com,Female,18.88.205.190,Andalax
867,Gary,Szwandt,gszwandto2@yolasite.com,Male,82.142.253.229,Tresom
868,Stanwood,Muffett,smuffetto3@bbc.co.uk,Male,71.153.160.126,Konklab
869,Lorilyn,Hartford,lhartfordo4@exblog.jp,Female,68.225.115.254,Bamity
870,Karola,Lumbly,klumblyo5@narod.ru,Female,181.177.244.79,Holdlamis
871,Fowler,Taffley,ftaffleyo6@meetup.com,Male,255.92.132.246,Greenlam
872,Jarvis,Margram,jmargramo7@domainmarket.com,Male,137.10.184.191,Cardify
873,Darryl,Catt,dcatto8@epa.gov,Male,219.170.181.154,Fintone
874,Nicholas,Swinden,nswindeno9@mac.com,Male,77.28.153.12,Keylex
875,Valaree,Oliveti,volivetioa@exblog.jp,Female,103.20.30.183,Zoolab
876,Corinne,Dyneley,cdyneleyob@mapquest.com,Female,243.40.62.31,Aerified
877,Hal,Gebhard,hgebhardoc@friendfeed.com,Male,246.7.236.174,Konklux
878,Codee,McMichell,cmcmichellod@huffingtonpost.com,Female,232.23.221.192,Asoka
879,Bell,Zanardii,bzanardiioe@adobe.com,Female,112.17.159.188,Pannier
880,Mari,Krammer,mkrammerof@mapy.cz,Female,26.241.80.82,Otcom
881,Maxine,Geroldo,mgeroldoog@mlb.com,Female,99.165.53.53,Fix San
882,Eberto,Buglar,ebuglaroh@tamu.edu,Male,19.208.115.157,Gembucket
883,Dell,Coping,dcopingoi@scribd.com,Male,41.65.157.39,Fix San
884,Cortie,Treadgold,ctreadgoldoj@studiopress.com,Male,91.221.113.222,Flowdesk
885,Christophe,Chipman,cchipmanok@cnet.com,Male,243.235.133.17,Greenlam
886,Neal,Klimas,nklimasol@amazon.de,Male,153.241.84.255,Lotlux
887,Dyna,Mcsarry,dmcsarryom@ask.com,Female,239.218.49.76,Zontrax
888,Eolanda,Greensted,egreenstedon@bandcamp.com,Female,38.163.240.48,Tempsoft
889,Max,Harmon,mharmonoo@samsung.com,Female,42.236.169.24,Lotstring
890,Morty,Slack,mslackop@bluehost.com,Male,174.247.137.153,Subin
891,Melissa,Alman,malmanoq@1und1.de,Female,178.254.80.4,Subin
892,Ardelle,Gianilli,agianillior@about.com,Female,39.4.239.138,Quo Lux
893,Garrek,Balma,gbalmaos@examiner.com,Male,119.224.89.96,Sub-Ex
894,Windham,Doy,wdoyot@amazon.co.jp,Male,38.144.37.72,Bigtax
895,Raynor,McFadin,rmcfadinou@constantcontact.com,Male,151.0.87.83,Vagram
896,Novelia,Cathel,ncathelov@drupal.org,Female,236.51.82.176,Flexidy
897,Mareah,Berr,mberrow@aboutads.info,Female,2.36.113.6,Prodder
898,Clovis,Skym,cskymox@purevolume.com,Female,35.209.13.52,Biodex
899,Cecil,Donner,cdonneroy@cdc.gov,Male,25.157.25.23,Andalax
900,Cheri,Scaysbrook,cscaysbrookoz@nsw.gov.au,Female,108.125.5.56,Biodex
901,Amandi,Escreet,aescreetp0@storify.com,Female,126.214.131.42,Ventosanzap
902,Garry,Scorer,gscorerp1@ucsd.edu,Male,206.38.245.126,Prodder
903,Simonette,Cobb,scobbp2@va.gov,Female,250.86.83.119,Voyatouch
904,Yoshi,Verdie,yverdiep3@rambler.ru,Female,204.32.162.147,Tampflex
905,Arthur,Thacker,athackerp4@reference.com,Male,202.208.84.158,Bitchip
906,Alfredo,Crepel,acrepelp5@rakuten.co.jp,Male,216.122.62.186,Zontrax
907,Yehudi,Panichelli,ypanichellip6@mlb.com,Male,152.67.168.106,Quo Lux
908,Amandi,Lark,alarkp7@angelfire.com,Female,124.177.206.229,Cardguard
909,Loren,Kiljan,lkiljanp8@theguardian.com,Male,244.250.85.15,Alphazap
910,Wilma,Sebring,wsebringp9@nasa.gov,Female,209.216.9.31,Zaam-Dox
911,Blayne,Banfield,bbanfieldpa@virginia.edu,Male,188.7.163.231,Lotlux
912,Hamid,Warre,hwarrepb@cnbc.com,Male,11.131.197.15,Veribet
913,Alexina,Gratton,agrattonpc@delicious.com,Female,153.202.182.235,Fixflex
914,Fonsie,Pedroni,fpedronipd@canalblog.com,Male,252.28.83.97,Regrant
915,Welby,Franzonetti,wfranzonettipe@hc360.com,Male,228.133.145.1,Zamit
916,Lonnard,Rengger,lrenggerpf@europa.eu,Male,193.98.175.136,Lotlux
917,Poul,Viant,pviantpg@globo.com,Male,117.57.135.212,Fix San
918,Freddy,Ellerker,fellerkerph@unblog.fr,Male,215.149.174.107,Home Ing
919,Simonne,Dowdall,sdowdallpi@friendfeed.com,Female,168.137.175.124,Bigtax
920,Ganny,Meineck,gmeineckpj@ucla.edu,Male,178.23.110.146,Overhold
921,Gilligan,Eberdt,geberdtpk@jiathis.com,Female,52.162.1.123,Fixflex
922,Jessi,Genty,jgentypl@ning.com,Female,49.141.40.82,Sonsing
923,Mal,Vallerine,mvallerinepm@amazon.co.uk,Male,130.236.183.60,Fixflex
924,Kary,Dunaway,kdunawaypn@constantcontact.com,Female,132.121.116.225,Bigtax
925,Jed,Darrow,jdarrowpo@networksolutions.com,Male,187.155.35.45,Voltsillam
926,Ree,Petrushka,rpetrushkapp@psu.edu,Female,241.42.89.11,Gembucket
927,Marlo,Mardling,mmardlingpq@amazonaws.com,Male,224.29.205.171,Sonsing
928,Benedikta,McGennis,bmcgennispr@bloomberg.com,Female,52.240.58.227,Lotstring
929,Arda,Rame,arameps@unc.edu,Female,126.187.72.162,Fix San
930,Sanford,Kupper,skupperpt@hp.com,Male,247.36.88.210,Ventosanzap
931,Darrick,Klimentyonok,dklimentyonokpu@ucoz.ru,Male,27.201.204.102,Ronstring
932,Warner,Deary,wdearypv@purevolume.com,Male,29.230.29.175,Cardify
933,Jayne,Strathman,jstrathmanpw@microsoft.com,Female,90.51.126.80,Treeflex
934,Blondelle,Feron,bferonpx@yahoo.com,Female,193.242.201.192,Domainer
935,Britte,Brandts,bbrandtspy@oaic.gov.au,Female,129.197.83.223,Andalax
936,Silvain,Ferencz,sferenczpz@who.int,Male,198.64.27.60,Job
937,Beatriz,Brunsden,bbrunsdenq0@blogtalkradio.com,Female,48.169.94.142,Opela
938,Yardley,Dollman,ydollmanq1@google.es,Male,130.125.108.226,Holdlamis
939,Hannah,Mc Elory,hmceloryq2@unicef.org,Female,204.6.10.216,Keylex
940,Dore,Henrionot,dhenrionotq3@whitehouse.gov,Male,218.59.239.41,Rank
941,Brittaney,Collete,bcolleteq4@mlb.com,Female,210.196.124.63,Fintone
942,Emmey,Hingeley,ehingeleyq5@sciencedirect.com,Female,91.72.45.54,Opela
943,Jerald,Lichtfoth,jlichtfothq6@yellowbook.com,Male,61.56.51.56,Latlux
944,Cloris,Wray,cwrayq7@cocolog-nifty.com,Female,200.242.52.3,Voltsillam
945,Sisely,Rowaszkiewicz,srowaszkiewiczq8@google.pl,Female,43.214.132.48,Trippledex
946,Norene,Renny,nrennyq9@themeforest.net,Female,126.127.201.154,Quo Lux
947,Moselle,Lissemore,mlissemoreqa@creativecommons.org,Female,140.211.152.153,Voltsillam
948,Otes,Treske,otreskeqb@baidu.com,Male,107.241.9.147,Tin
949,Coralyn,Freddi,cfreddiqc@foxnews.com,Female,64.195.217.13,Rank
950,Mortimer,Eidelman,meidelmanqd@shutterfly.com,Male,118.40.108.57,Subin
951,Anselma,Spykins,aspykinsqe@xinhuanet.com,Female,39.1.48.229,Tin
952,Lucky,Jeannon,ljeannonqf@oaic.gov.au,Female,178.174.233.68,Trippledex
953,Hermon,Sowerbutts,hsowerbuttsqg@goodreads.com,Male,97.54.108.104,Stronghold
954,Godart,Shenton,gshentonqh@hostgator.com,Male,16.95.129.64,Fix San
955,Tab,Hinckesman,thinckesmanqi@networksolutions.com,Male,153.37.213.242,Voltsillam
956,Dru,Rogge,droggeqj@google.es,Male,120.98.235.230,Matsoft
957,Carmencita,Milhench,cmilhenchqk@fotki.com,Female,45.184.243.234,Pannier
958,Phillip,Jagger,pjaggerql@wisc.edu,Male,33.255.11.133,Quo Lux
959,Mariya,Noden,mnodenqm@unesco.org,Female,159.204.58.76,Namfix
960,Augusta,Ewer,aewerqn@cam.ac.uk,Female,86.173.80.149,Job
961,Sig,Tilbury,stilburyqo@archive.org,Male,139.108.152.78,Domainer
962,Rowe,Maulkin,rmaulkinqp@hubpages.com,Female,17.0.114.228,Lotstring
963,Arie,Nevill,anevillqq@msu.edu,Male,46.147.65.250,Cookley
964,Jojo,O'Neil,joneilqr@istockphoto.com,Female,180.81.90.237,Overhold
965,Daveta,Cawcutt,dcawcuttqs@seattletimes.com,Female,202.114.125.161,Tresom
966,Paige,Aery,paeryqt@mapy.cz,Female,210.166.213.94,Fix San
967,Auroora,Dundredge,adundredgequ@techcrunch.com,Female,48.22.161.215,Vagram
968,Venita,Aumerle,vaumerleqv@usnews.com,Female,51.108.146.182,Bytecard
969,Grantley,Rattray,grattrayqw@naver.com,Male,228.91.108.197,Tresom
970,Malissa,Rosettini,mrosettiniqx@usgs.gov,Female,221.128.105.67,Opela
971,Anni,Attryde,aattrydeqy@netlog.com,Female,99.156.180.215,Temp
972,Steffane,Antoniewicz,santoniewiczqz@cnn.com,Female,90.102.69.65,Alpha
973,Sybille,MacDuff,smacduffr0@odnoklassniki.ru,Female,130.79.36.62,Aerified
974,Dorree,Radsdale,dradsdaler1@joomla.org,Female,20.229.155.13,Tresom
975,Babb,De Witt,bdewittr2@sogou.com,Female,247.141.22.135,Domainer
976,Brannon,Lambard,blambardr3@example.com,Male,207.245.100.86,Tres-Zap
977,Trevor,Blodg,tblodgr4@wufoo.com,Male,137.201.31.227,Andalax
978,Aylmer,Judkins,ajudkinsr5@yahoo.com,Male,183.235.206.253,Lotstring
979,Netta,Boutwell,nboutwellr6@linkedin.com,Female,49.170.162.147,Viva
980,Rudolf,Betham,rbethamr7@theguardian.com,Male,108.58.220.44,Veribet
981,Maryrose,Tuminelli,mtuminellir8@google.com.br,Female,87.157.167.232,Sub-Ex
982,Marjie,Goranov,mgoranovr9@who.int,Female,251.160.35.132,Y-find
983,Jayme,Gannan,jgannanra@ehow.com,Male,76.209.213.89,Cardguard
984,Selma,Breed,sbreedrb@yelp.com,Female,105.79.141.76,Voltsillam
985,Eddy,Kneeland,ekneelandrc@noaa.gov,Male,46.96.136.29,Trippledex
986,Jecho,Keepence,jkeepencerd@bing.com,Male,122.155.152.132,Subin
987,Constantine,Laba,clabare@blogtalkradio.com,Male,90.195.245.165,Asoka
988,Jason,O'Regan,joreganrf@go.com,Male,205.81.35.155,Sonair
989,Stepha,Agate,sagaterg@sbwire.com,Female,75.67.131.191,Latlux
990,Brook,Scamwell,bscamwellrh@wunderground.com,Male,98.179.179.250,Zathin
991,Demeter,Snowball,dsnowballri@ocn.ne.jp,Female,117.106.95.161,Flexidy
992,Sibylle,Poulsum,spoulsumrj@cpanel.net,Female,226.26.108.141,Sonsing
993,Tracee,Brokenbrow,tbrokenbrowrk@t-online.de,Female,210.223.237.88,Home Ing
994,Ansley,Blumer,ablumerrl@constantcontact.com,Female,49.166.92.204,Latlux
995,Dori,Faircliff,dfaircliffrm@fema.gov,Female,222.165.62.104,Zoolab
996,Culver,Parmiter,cparmiterrn@arizona.edu,Male,165.25.146.6,Domainer
997,Samara,Downage,sdownagero@wp.com,Female,175.51.0.193,Stronghold
998,Fairlie,Midson,fmidsonrp@go.com,Male,15.33.249.155,Daltfresh
999,Bernadene,Curless,bcurlessrq@dailymotion.com,Female,234.226.47.188,Overhold
1000,Lira,Blaksley,lblaksleyrr@cam.ac.uk,Female,186.51.101.77,Temp
